Town,Address,Sale Price,Sale Date
ANNADALE,578 ARDEN AVENUE,526000,10/1/19
ANNADALE,N/A BENNETT AVENUE,820000,10/1/19
ARDEN HEIGHTS,55 ALMOND STREET,770000,10/1/19
CLOVE LAKES,116 HARTFORD AVE,625000,10/1/19
ELTINGVILLE,55 LYNDALE AVENUE,510000,10/1/19
GREAT KILLS,142 ELKHART STREET,540000,10/1/19
GREAT KILLS,344 COLON AVENUE,640000,10/1/19
GREAT KILLS,296 SANDALWOOD DRIVE,545000,10/1/19
GREAT KILLS,4 EAST SCRANTON AVENUE,600000,10/1/19
HUGUENOT,781 SHELDON AVENUE,650000,10/1/19
MANOR HEIGHTS,192 PERRY AVENUE,460000,10/1/19
PLEASANT PLAINS,163 ACADEMY AVENUE,875000,10/1/19
PORT IVORY,"54A POND WAY, 54A",195000,10/1/19
ROSSVILLE,"57 CYPRESS LOOP, N/A",517500,10/1/19
SOUTH BEACH,60 LINWOOD AVENUE,715000,10/1/19
TOTTENVILLE,7247 AMBOY ROAD,95000,10/1/19
WEST NEW BRIGHTON,23 CLARION COURT,400000,10/1/19
WEST NEW BRIGHTON,718 HENDERSON AVENUE,650000,10/1/19
WESTERLEIGH,309 WILLARD AVENUE,522500,10/1/19
WESTERLEIGH,152 BRYSON AVENUE,510000,10/1/19
ANNADALE,47 PINE TERRACE,701000,10/2/19
ANNADALE,232 TALLMAN STREET,1190000,10/2/19
ARDEN HEIGHTS,177 FOREST GREEN,460000,10/2/19
CASTLETON CORNERS,10 WINTHROP PLACE,540000,10/2/19
DONGAN HILLS-COLONY,165 RIDGE AVENUE,795000,10/2/19
GRANT CITY,"98 HUSSON STREET, C",117500,10/2/19
GREAT KILLS,22 LYLE COURT,250000,10/2/19
GREAT KILLS,166 HOLLY AVENUE,765000,10/2/19
GREAT KILLS-BAY TERRACE,87 AINSWORTH AVENUE,475000,10/2/19
HUGUENOT,106 ELLSWORTH AVENUE,640000,10/2/19
MARINERS HARBOR,69 WESTBROOK AVENUE,440000,10/2/19
MARINERS HARBOR,479 MORNINGSTAR ROAD,457713,10/2/19
NEW BRIGHTON-ST. GEORGE,"155 BAY STREET, 4H",390000,10/2/19
NEW SPRINGVILLE,"49A SATURN LANE, 49A",360000,10/2/19
OAKWOOD,275 OAK AVENUE,609000,10/2/19
OAKWOOD,414 PENDALE ST,665000,10/2/19
OAKWOOD-BEACH,515 MEDINA STREET,480000,10/2/19
PRINCES BAY,50 MELVILLE STREET,883000,10/2/19
RICHMONDTOWN,71 ST ANDREWS ROAD,630703,10/2/19
ROSEBANK,49 ST MARYS AVENUE,733140,10/2/19
ROSEBANK,"412 MARYLAND AVENUE, 2C",270000,10/2/19
SOUTH BEACH,451 FATHER CAPODANNO BL,529900,10/2/19
TRAVIS,"70C DINSMORE STREET, N/A",470000,10/2/19
WESTERLEIGH,22 HARVEY AVENUE,747500,10/2/19
ANNADALE,117 EYLANDT STREET,842000,10/3/19
ANNADALE,477 PHILIP,100,10/3/19
ANNADALE,477 PHILIP,100,10/3/19
ARDEN HEIGHTS,517 ILYSSA WAY,325000,10/3/19
ARROCHAR,93 CEDAR AVENUE,499000,10/3/19
BULLS HEAD,116 COMSTOCK AVENUE,520000,10/3/19
CASTLETON CORNERS,194 UTTER AVENUE,608000,10/3/19
CASTLETON CORNERS,246 DUBOIS AVENUE,505000,10/3/19
CONCORD,22 ELLINGTON STREET,417000,10/3/19
CONCORD,855 VAN DUZER STREET,324000,10/3/19
DONGAN HILLS-COLONY,1011 RICHMOND ROAD,672000,10/3/19
GRASMERE,563 ODER AVENUE,475000,10/3/19
GRASMERE,841 WEST FINGERBOARD RD,499000,10/3/19
GREAT KILLS,38 STERN COURT,410000,10/3/19
GREAT KILLS,34 BLYTHE PLACE,775000,10/3/19
GREAT KILLS,345 KATAN AVENUE,725000,10/3/19
GREAT KILLS,"340 TIMBER RIDGE DRIVE, 6340",100,10/3/19
MARINERS HARBOR,250 DIXON AVENUE,407000,10/3/19
NEW BRIGHTON,248 RICHMOND TERRACE,500000,10/3/19
NEW BRIGHTON,77 MONTGOMERY AVENUE,825000,10/3/19
NEW DORP,228 TITUS AVENUE,475000,10/3/19
OAKWOOD-BEACH,82 GRAYSON STREET,650000,10/3/19
OAKWOOD-BEACH,N/A GRAYSON STREET,650000,10/3/19
PORT IVORY,140 SOUTH AVENUE,564000,10/3/19
SILVER LAKE,34 HARVEST AVENUE,920000,10/3/19
WESTERLEIGH,150 CASWELL AVENUE,725000,10/3/19
WESTERLEIGH,81 HOUSTON STREET,460000,10/3/19
WILLOWBROOK,9 RUPERT AVENUE,780000,10/3/19
WOODROW,563 BLOOMINGDALE ROAD,610000,10/3/19
ARDEN HEIGHTS,167 JAMIE LANE,371500,10/4/19
ARDEN HEIGHTS,108 EMILY LANE,100,10/4/19
ARDEN HEIGHTS,"95A STACK DRIVE, N/A",40000,10/4/19
CASTLETON CORNERS,31 COALE AVENUE,529000,10/4/19
CLOVE LAKES,803 DAVIS AVENUE,595000,10/4/19
CONCORD,737 TARGEE STREET,735000,10/4/19
ELTINGVILLE,365 MOSELY AVENUE,555000,10/4/19
ELTINGVILLE,142 AUGUSTA AVENUE,728000,10/4/19
GRANT CITY,360 FLAGG PLACE,10,10/4/19
GRANT CITY,210 BUEL AVENUE,520000,10/4/19
GREAT KILLS,26 GREAVES AVENUE,475000,10/4/19
GREAT KILLS,12 TERESA LANE,655000,10/4/19
GREAT KILLS,630 LEVERETT AVENUE,585000,10/4/19
HUGUENOT,695 HUGUENOT AVENUE,1212735,10/4/19
MANOR HEIGHTS,204 GOWER STREET,405000,10/4/19
MANOR HEIGHTS,140 PORTAGE AVENUE,740000,10/4/19
MIDLAND BEACH,N/A COLONY AVENUE,38500,10/4/19
NEW BRIGHTON,"350 RICHMOND TERRACE, 5M",293750,10/4/19
NEW SPRINGVILLE,43 BOWLING GREEN PLACE,385000,10/4/19
OAKWOOD-BEACH,293 CHESTERTON AVENUE,585494,10/4/19
PORT RICHMOND,86 BOND STREET,304200,10/4/19
PORT RICHMOND,58 RIVERSIDE LANE,560038,10/4/19
ROSEBANK,"83A NARROWS ROAD NORTH, 2A",340000,10/4/19
STAPLETON,N/A HUDSON STREET,149995,10/4/19
WESTERLEIGH,453 COLLEGE AVENUE,660000,10/4/19
WOODROW,115 PEMBROOK LOOP,585000,10/4/19
GREAT KILLS,185 ESCANABA AVENUE,546153,10/5/19
PORT RICHMOND,76 TREADWELL AVENUE,490000,10/5/19
ANNADALE,141 SOUTH RAILROAD ST,500,10/7/19
BULLS HEAD,1269 RICHMOND AVENUE,870000,10/7/19
CASTLETON CORNERS,22 KINGSLEY AVENUE,555000,10/7/19
DONGAN HILLS-COLONY,218 DUTCHESS AVENUE,785000,10/7/19
GRASMERE,581 HANOVER AVENUE,435000,10/7/19
GREAT KILLS,8D FRANKLIN LANE,374166,10/7/19
GREAT KILLS,91 RIDGECREST AVENUE,825000,10/7/19
GRYMES HILL,"173 ARLO ROAD, B",205000,10/7/19
GRYMES HILL,"48 SETH CT, A",171000,10/7/19
MARINERS HARBOR,31 CECIL COURT,500,10/7/19
MIDLAND BEACH,466 NAUGHTON AVENUE,660000,10/7/19
NEW SPRINGVILLE,50 BOWLING GREEN PLACE,552000,10/7/19
NEW SPRINGVILLE,"1286 ROCKLAND AVENUE, 1H",328000,10/7/19
PORT RICHMOND,1636 CASTLETON AVENUE,325000,10/7/19
ROSEBANK,22 FLETCHER STREET,635000,10/7/19
ROSSVILLE,"864 ROSSVILLE AVENUE, N/A",345000,10/7/19
TOTTENVILLE,10 SPRAGUE AVENUE,460000,10/7/19
WEST NEW BRIGHTON,48 ALASKA STREET,579433,10/7/19
WEST NEW BRIGHTON,147 WAYNE STREET,1500000,10/7/19
WESTERLEIGH,22 DORA STREET,600000,10/7/19
ANNADALE,28 EAGAN AVENUE,450000,10/8/19
ANNADALE,132 JEFFERSON BOULEVARD,465000,10/8/19
ARROCHAR,157 MAJOR AVENUE,808800,10/8/19
BULLS HEAD,254 LANDER AVENUE,558000,10/8/19
BULLS HEAD,"18 PARKVIEW LOOP, N/A",470000,10/8/19
CASTLETON CORNERS,173 MAINE AVENUE,590000,10/8/19
CONCORD,736 TARGEE STREET,656000,10/8/19
DONGAN HILLS-COLONY,81 DUNCAN STREET,608000,10/8/19
GREAT KILLS,78 GREAVES AVENUE,639000,10/8/19
GRYMES HILL,"755 NARROWS ROAD NORTH, 609A",288953,10/8/19
NEW BRIGHTON,15 VAN BUREN STREET,429000,10/8/19
NEW SPRINGVILLE,36 LATOURETTE LANE,650000,10/8/19
RICHMONDTOWN,130 WEST CEDARVIEW AVE,565000,10/8/19
ROSSVILLE,57 MILLENNIUM LOOP,605000,10/8/19
ROSSVILLE,"28 LARCH COURT, 556",335000,10/8/19
ROSSVILLE,147 MCBAINE AVE,965000,10/8/19
ROSSVILLE,N/A MCBAINE AVENUE,965000,10/8/19
TOTTENVILLE,120 BEDELL AVENUE,548000,10/8/19
WEST NEW BRIGHTON,271 KISSEL AVENUE,525000,10/8/19
WESTERLEIGH,360 LATHROP AVENUE,550000,10/8/19
WOODROW,85 PEMBROOK LOOP,515000,10/8/19
WOODROW,102 BERKSHIRE LANE,844129,10/8/19
DONGAN HILLS-COLONY,462 OCEAN TERRACE,1199999,10/9/19
GREAT KILLS,138 CORONA AVENUE,559202,10/9/19
MARINERS HARBOR,35 GIORDAN COURT,364000,10/9/19
NEW BRIGHTON,3 VINE STREET,655000,10/9/19
NEW BRIGHTON,196 FRANKLIN AVENUE,530000,10/9/19
NEW DORP,95 LINDBERGH AVE,660000,10/9/19
NEW SPRINGVILLE,14 LATOURETTE LANE,585000,10/9/19
OAKWOOD,90 CEDARVIEW AVENUE,765000,10/9/19
ROSEBANK,"422 MARYLAND AVENUE, 2C",230000,10/9/19
TODT HILL,283 OCEAN TERRACE,1850000,10/9/19
WEST NEW BRIGHTON,100 PORTLAND PLACE,575000,10/9/19
WESTERLEIGH,168 HAWTHORNE AVENUE,850000,10/9/19
BULLS HEAD,300 GRAHAM AVENUE,489000,10/10/19
GRANT CITY,"100 COLFAX AVENUE, 3J",296000,10/10/19
GREAT KILLS,99 SWEETBROOK ROAD,518000,10/10/19
GREAT KILLS,"475 ARMSTRONG AVENUE, B3",185000,10/10/19
HUGUENOT,134 DOWNES AVENUE,418437,10/10/19
HUGUENOT,754 RATHBUN AVENUE,545000,10/10/19
MARINERS HARBOR,29 MERSEREAU AVENUE,428000,10/10/19
NEW DORP,52 DARTMOUTH LOOP,552500,10/10/19
NEW DORP-BEACH,123 MILTON AVENUE,445000,10/10/19
NEW DORP-BEACH,22 MICHELLE LANE,439900,10/10/19
NEW DORP-BEACH,881 TYSENS LANE,1044605,10/10/19
NEW SPRINGVILLE,54 FREEDOM AVENUE,718000,10/10/19
NEW SPRINGVILLE,"45 BELMAR DRIVE WEST, N/A",391700,10/10/19
PORT RICHMOND,24 JEWETT AVENUE,343003,10/10/19
RICHMONDTOWN,342 AMBER STREET,870000,10/10/19
SOUTH BEACH,16 WATERFORD COURT,746377,10/10/19
SOUTH BEACH,50 LINWOOD AVENUE,480000,10/10/19
TOTTENVILLE,446 MANHATTAN STREET,520000,10/10/19
WEST NEW BRIGHTON,211 BEMENT AVENUE,950000,10/10/19
ARROCHAR-SHORE ACRES,"6 NEW LANE, 3A",350000,10/11/19
ARROCHAR-SHORE ACRES,"6 NEW LANE, 4F",350000,10/11/19
BULLS HEAD,147 AMITY PLACE,510000,10/11/19
CLOVE LAKES,24 GREENWAY DRIVE,631315,10/11/19
CLOVE LAKES,918 FOREST AVENUE,576000,10/11/19
CONCORD,"37 KANSAS AVENUE, 2A",400000,10/11/19
CONCORD,"37 KANSAS AVENUE, 2B",400000,10/11/19
CONCORD,"39 KANSAS AVENUE, 1A",400000,10/11/19
CONCORD,"39 KANSAS AVENUE, 1B",400000,10/11/19
CONCORD-FOX HILLS,26 STUDIO LANE,261612,10/11/19
GREAT KILLS,19 HILLCREST AVENUE,770000,10/11/19
HUGUENOT,36 ALGONKIN STREET,1057000,10/11/19
NEW SPRINGVILLE,193 PARK DRIVE NORTH,528000,10/11/19
NEW SPRINGVILLE,"95 COUNTRY DRIVE NORTH, N/A",499999,10/11/19
PLEASANT PLAINS,35 SAVONA COURT,1247356,10/11/19
PORT RICHMOND,90 ANN STREET,365000,10/11/19
ROSEBANK,"49 HYLAN BOULEVARD, II D",375000,10/11/19
ROSSVILLE,717 CORRELL AVENUE,470000,10/11/19
TOTTENVILLE,164 SPRAGUE AVENUE,655000,10/11/19
TOTTENVILLE,7300 AMBOY ROAD,450000,10/11/19
TOTTENVILLE,111 JOHNSON AVENUE,446160,10/11/19
WEST NEW BRIGHTON,133 DUBOIS AVENUE,470000,10/11/19
WEST NEW BRIGHTON,50 BRITTON STREET,799326,10/11/19
WESTERLEIGH,117 CRYSTAL AVENUE,625000,10/11/19
WILLOWBROOK,469 INGRAM AVENUE,725000,10/11/19
NEW SPRINGVILLE,"75 ESSEX DRIVE, 3E",370000,10/14/19
ARDEN HEIGHTS,44 AMANDA COURT,345000,10/15/19
ARDEN HEIGHTS,25 LOMBARD COURT,384000,10/15/19
BULLS HEAD,61 ADA DRIVE,525000,10/15/19
GREAT KILLS,86 TANGLEWOOD DRIVE,509000,10/15/19
GREAT KILLS,241 WIMAN AVENUE,472000,10/15/19
GREAT KILLS,60 ERIC LANE,453500,10/15/19
GRYMES HILL,34 WETMORE ROAD,1743123,10/15/19
HUGUENOT,763 MARCY AVENUE,625000,10/15/19
MANOR HEIGHTS,337 BRADLEY AVENUE,606877,10/15/19
MARINERS HARBOR,46 ERASTINA PLACE,390000,10/15/19
MARINERS HARBOR,238 SIMONSON AVENUE,499000,10/15/19
MARINERS HARBOR,3104 RICHMOND TERRACE,38800,10/15/19
NEW BRIGHTON,486 JERSEY STREET,200000,10/15/19
PORT RICHMOND,2296 RICHMOND TERRACE,224800,10/15/19
PORT RICHMOND,185 NICHOLAS AVENUE,365000,10/15/19
PRINCES BAY,16 MALIBU COURT,733000,10/15/19
RICHMONDTOWN,274 BARBARA STREET,725000,10/15/19
ROSEBANK,226 CLIFTON AVENUE,740000,10/15/19
ROSEBANK,"318 GRASMERE DRIVE, N/A",680000,10/15/19
ROSSVILLE,1066 ROSSVILLE AVE,515000,10/15/19
SILVER LAKE,368 WOODSTOCK AVENUE,629000,10/15/19
SOUTH BEACH,20 VULCAN STREET,815231,10/15/19
TODT HILL,1525 RICHMOND ROAD,647500,10/15/19
TOMPKINSVILLE,137 VAN DUZER STREET,316667,10/15/19
WILLOWBROOK,34 LARRISON LOOP,640000,10/15/19
WOODROW,79 DEXTER AVENUE,957000,10/15/19
ANNADALE,455 HOLDRIDGE AVENUE,950000,10/16/19
ARDEN HEIGHTS,30 RAILY COURT,395000,10/16/19
ARDEN HEIGHTS,386 GREEN VALLEY ROAD,610000,10/16/19
ARDEN HEIGHTS,"64 HAMMOCK LANE, N/A",480000,10/16/19
BULLS HEAD,10 LUDWIG LANE,10,10/16/19
BULLS HEAD,"24 VEDDER AVENUE, 1",330000,10/16/19
DONGAN HILLS,147 HENRY PLACE,647000,10/16/19
ELTINGVILLE,621 BARLOW AVENUE,715000,10/16/19
GRASMERE,495 WESER AVENUE,536000,10/16/19
HUGUENOT,475 RAMONA AVENUE,830000,10/16/19
NEW BRIGHTON,11 KINGSLEY PLACE,310000,10/16/19
NEW DORP-HEIGHTS,86 ST STEPHENS PLACE,607500,10/16/19
NEW SPRINGVILLE,647 KLONDIKE AVENUE,695000,10/16/19
PRINCES BAY,5870 AMBOY ROAD,570000,10/16/19
SOUTH BEACH,30-32 WINDOM AVENUE,549900,10/16/19
TODT HILL,15 BEEBE STREET,926608,10/16/19
TOTTENVILLE,120 NASHVILLE STREET,926000,10/16/19
TRAVIS,"271B SIGNS ROAD, N/A",460000,10/16/19
WEST NEW BRIGHTON,N/A CLOVE ROAD,110000,10/16/19
WESTERLEIGH,247 DEMOREST AVENUE,525000,10/16/19
WESTERLEIGH,142 BIDWELL AVENUE,536626,10/16/19
ANNADALE,251 HOLDRIDGE AVENUE,10,10/17/19
ARDEN HEIGHTS,525 ILYSSA WAY,345000,10/17/19
ARDEN HEIGHTS,97 CARLYLE GREEN,529000,10/17/19
ARROCHAR-SHORE ACRES,35 SHORE ACRES ROAD,1100000,10/17/19
BULLS HEAD,"540A LISK AVENUE, N/A",215000,10/17/19
GREAT KILLS,38 STONECREST COURT,330000,10/17/19
GREAT KILLS,167 WOODCUTTERS LANE,550000,10/17/19
GREAT KILLS,"475 ARMSTRONG AVENUE, H-1",188000,10/17/19
MIDLAND BEACH,23 STACEY LANE,575000,10/17/19
NEW BRIGHTON,191 CORSON AVENUE,478000,10/17/19
NEW BRIGHTON,45 STANLEY AVENUE,495769,10/17/19
NEW DORP,65 CLOISTER PLACE,685000,10/17/19
NEW DORP,42 CUBA AVENUE,231250,10/17/19
RICHMONDTOWN,161 CLARKE AVENUE,929000,10/17/19
ROSSVILLE-RICHMOND VALLEY,74 MEADE LOOP,900000,10/17/19
SOUTH BEACH,87 RETNER STREET,555000,10/17/19
TOTTENVILLE,18 IRENE LANE,825000,10/17/19
WOODROW,23 PITNEY AVENUE,640000,10/17/19
ANNADALE,620 DRUMGOOLE ROAD EAST,490000,10/18/19
ARDEN HEIGHTS,91 DOVER GREEN,494250,10/18/19
ARDEN HEIGHTS,22 DOGWOOD DRIVE,643016,10/18/19
BULLS HEAD,31 LUDWIG LANE,440000,10/18/19
BULLS HEAD,"76 WOLKOFF LANE, N/A",215000,10/18/19
CASTLETON CORNERS,10 PENN STREET,499900,10/18/19
ELTINGVILLE,91 SCRANTON AVENUE,603000,10/18/19
GRASMERE,65 PARKINSON AVENUE,835000,10/18/19
GREAT KILLS,149 GREAVES AVENUE,565000,10/18/19
GREAT KILLS,412 RIDGEWOOD AVENUE,530000,10/18/19
GREAT KILLS,87 PACIFIC AVENUE,1298421,10/18/19
HUGUENOT,633 IONIA AVENUE,702500,10/18/19
HUGUENOT,656 MARCY AVENUE,530000,10/18/19
HUGUENOT,703 HUGUENOT AVENUE,1095946,10/18/19
NEW BRIGHTON,98 FRANKLIN AVENUE,520000,10/18/19
NEW BRIGHTON,135 MONTGOMERY AVE,850000,10/18/19
NEW DORP,1680 SOUTH RAILROAD AVE,750000,10/18/19
OAKWOOD-BEACH,2950 HYLAN BOULEVARD,998000,10/18/19
PORT RICHMOND,75 ALBION PLACE,450000,10/18/19
SOUTH BEACH,30 XENIA STREET,538000,10/18/19
STAPLETON,297 BROAD STREET,250000,10/18/19
STAPLETON,139 FULTON STREET,357000,10/18/19
TRAVIS,"30E DINSMORE STREET, N/A",418000,10/18/19
WEST NEW BRIGHTON,1190 CASTLETON AVENUE,427000,10/18/19
WESTERLEIGH,202 LIVERMORE AVENUE,600000,10/18/19
TOTTENVILLE,154 PITTSVILLE AVENUE,10,10/19/19
ARROCHAR,59 LANDIS AVENUE,650000,10/20/19
CONCORD,78 RHINE AVENUE,305000,10/20/19
ROSSVILLE,"102 HAMPTON PLACE, N/A",490000,10/20/19
WESTERLEIGH,58 CANTERBURY AVENUE,905000,10/20/19
ARDEN HEIGHTS,211 PRESENTATION CIRCLE,645000,10/21/19
BULLS HEAD,"33 LEO STREET, 57",420000,10/21/19
BULLS HEAD,"21 REGIS DRIVE, 61",398000,10/21/19
CASTLETON CORNERS,63 RAVENHURST AVENUE,570000,10/21/19
ELTINGVILLE,697A BARLOW AVENUE,280000,10/21/19
GRASMERE,83 BALTIC AVENUE,639000,10/21/19
GRASMERE,574 HANOVER AVENUE,525000,10/21/19
GREAT KILLS,26 CRISPI LANE,430060,10/21/19
GREAT KILLS,116 EAST BRANDIS AVENUE,507000,10/21/19
LIVINGSTON,"146 BARD AVE, 22B",195000,10/21/19
NEW BRIGHTON,254 YORK AVENUE,453765,10/21/19
NEW DORP,107 CUBA AVENUE,550500,10/21/19
NEW DORP,14 MILL ROAD,700000,10/21/19
NEW DORP-BEACH,9 CENTER PLACE,125000,10/21/19
NEW SPRINGVILLE,102 LEWISTON STREET,430950,10/21/19
PORT RICHMOND,64 HAUGHWOUT AVENUE,425000,10/21/19
ROSSVILLE,22 ALVERSON AVENUE,860000,10/21/19
WESTERLEIGH,115 WOODBINE AVENUE,630000,10/21/19
CASTLETON CORNERS,79 CHANDLER AVENUE,381500,10/22/19
CONCORD,492 VANDERBILT AVENUE,530000,10/22/19
DONGAN HILLS,110 SOUTH RAILROAD AVE,523000,10/22/19
ELTINGVILLE,92 LADD AVENUE,222000,10/22/19
ELTINGVILLE,106 GOLD AVENUE,460000,10/22/19
ELTINGVILLE,50 STAFFORD AVE,865513,10/22/19
GREAT KILLS,6 COLON AVENUE,620000,10/22/19
GRYMES HILL,"172A ARLO ROAD, 172A",167000,10/22/19
MIDLAND BEACH,37 BEACHVIEW AVENUE,603800,10/22/19
NEW DORP,77 7 STREET,1008068,10/22/19
OAKWOOD-BEACH,483 OAK AVENUE,426950,10/22/19
RICHMONDTOWN,168 ANDREWS AVENUE,680000,10/22/19
ROSSVILLE,178 LUCILLE AVENUE,440000,10/22/19
TOTTENVILLE,147 YETMAN AVENUE,550000,10/22/19
TOTTENVILLE,131 WOOD AVENUE,815000,10/22/19
WESTERLEIGH,304 BIDWELL AVENUE,542000,10/22/19
WESTERLEIGH,262 CRYSTAL AVENUE,595000,10/22/19
ARDEN HEIGHTS,184 CODY PLACE,472000,10/23/19
CASTLETON CORNERS,103 SAWYER,588000,10/23/19
CONCORD,64 ROFF STREET,450000,10/23/19
DONGAN HILLS,6 DUMONT AVENUE,325000,10/23/19
ELTINGVILLE,36 WOODROW ROAD,600000,10/23/19
GRANT CITY,"145 LINCOLN AVENUE, 4D",337000,10/23/19
GRASMERE,515 ODER AVENUE,495000,10/23/19
GREAT KILLS,44 CRISPI LANE,600000,10/23/19
GREAT KILLS,169 WIMAN AVENUE,175000,10/23/19
GREAT KILLS,94 GLOVER STREET,356388,10/23/19
HUGUENOT,68 COLON STREET,997885,10/23/19
NEW BRIGHTON,68 SCRIBNER AVENUE,265000,10/23/19
NEW BRIGHTON,37 ELY STREET,495000,10/23/19
NEW SPRINGVILLE,3 DANIELLA COURT,630000,10/23/19
PORT RICHMOND,35 RUMPLER COURT,580114,10/23/19
ROSSVILLE,332 HUGUENOT AVENUE,49000,10/23/19
ROSSVILLE,19 HEMLOCK STREET,260000,10/23/19
TODT HILL,16 BUTTONWOOD ROAD,3800000,10/23/19
TOMPKINSVILLE,385 VICTORY BOULEVARD,750000,10/23/19
TOMPKINSVILLE,15 ROSEWOOD PLACE,550000,10/23/19
WEST NEW BRIGHTON,869 DELAFIELD AVENUE,485000,10/23/19
WESTERLEIGH,41 O'CONNOR AVENUE,465000,10/23/19
WILLOWBROOK,175 MARTIN AVENUE,570000,10/23/19
BULLS HEAD,70 SOMMER AVENUE,10,10/24/19
DONGAN HILLS,23 TACOMA STREET,690000,10/24/19
ELTINGVILLE,18 BOVANIZER STREET,728880,10/24/19
ELTINGVILLE,585 LAMOKA AVENUE,830000,10/24/19
EMERSON HILL,30 MICHAEL LOOP,1075000,10/24/19
GREAT KILLS,186 KEEGANS LANE,525000,10/24/19
GREAT KILLS,375 ARMSTRONG AVENUE,590000,10/24/19
MARINERS HARBOR,306 MORNINGSTAR ROAD,295000,10/24/19
NEW SPRINGVILLE,1191 ROCKLAND AVENUE,381264,10/24/19
NEW SPRINGVILLE,249 MONAHAN AVENUE,620000,10/24/19
OAKWOOD,38 PENN AVENUE,760000,10/24/19
OAKWOOD,99 ACORN STREET,465000,10/24/19
PORT RICHMOND,11 SHARPE AVENUE,359971,10/24/19
ROSEBANK,169 REYNOLDS STREET,613000,10/24/19
ROSSVILLE,47 HEMLOCK STREET,595000,10/24/19
ROSSVILLE,"824 ROSSVILLE AVENUE, N/A",370000,10/24/19
SOUTH BEACH,183 HICKORY AVENUE,520000,10/24/19
SUNNYSIDE,1282 CLOVE ROAD,1600000,10/24/19
SUNNYSIDE,1284 CLOVE ROAD,1600000,10/24/19
SUNNYSIDE,1286 CLOVE ROAD,1600000,10/24/19
SUNNYSIDE,1288 CLOVE ROAD,1600000,10/24/19
SUNNYSIDE,1290 CLOVE ROAD,1600000,10/24/19
TRAVIS,31 PEARSON STREET,399000,10/24/19
TRAVIS,59 BERESFORD AVENUE,559900,10/24/19
WEST NEW BRIGHTON,101 CAMPBELL AVENUE,375000,10/24/19
WEST NEW BRIGHTON,97 TAYLOR STREET,372539,10/24/19
ANNADALE,11 LORRAINE AVENUE,979200,10/25/19
ARDEN HEIGHTS,119 RAILY COURT,375000,10/25/19
BULLS HEAD,48 GRAHAM AVENUE,535000,10/25/19
ELTINGVILLE,106 RETFORD AVENUE,545000,10/25/19
ELTINGVILLE,175 CROSSFIELD AVENUE,245000,10/25/19
GREAT KILLS,86 JUMEL STREET,590000,10/25/19
GREAT KILLS,130 RIDGECREST AVENUE,449000,10/25/19
GREAT KILLS,"360 BARLOW AVENUE, 17",354000,10/25/19
GREAT KILLS-BAY TERRACE,137 DURANT AVENUE,680000,10/25/19
GRYMES HILL,217 ARLO ROAD,547800,10/25/19
MARINERS HARBOR,22 WRIGHT AVENUE,401000,10/25/19
MARINERS HARBOR,365 WALKER STREET,360000,10/25/19
MIDLAND BEACH,251 BOUNDARY AVENUE,450000,10/25/19
MIDLAND BEACH,344 BRYANT AVENUE,700000,10/25/19
NEW DORP,290 LOCUST AVENUE,595000,10/25/19
NEW DORP,93 CODDINGTON AVENUE,997885,10/25/19
NEW SPRINGVILLE,59 MONARCH COURT,655000,10/25/19
NEW SPRINGVILLE,23 SAXON AVENUE,748000,10/25/19
NEW SPRINGVILLE,"176 ASHWORTH AVENUE, 315",445000,10/25/19
OAKWOOD-BEACH,312 ISABELLA AVENUE,334947,10/25/19
PLEASANT PLAINS,N/A STEVENSON PLACE,36000,10/25/19
PRINCES BAY,74 JOHANNA LANE,1450000,10/25/19
SOUTH BEACH,416 MC CLEAN AVENUE,680000,10/25/19
STAPLETON,255A TARGEE STREET,483000,10/25/19
WESTERLEIGH,39 BURNSIDE AVENUE,555000,10/25/19
BULLS HEAD,15 EUNICE PLACE,225689,10/26/19
PORT RICHMOND,136 NICHOLAS AVENUE,446160,10/27/19
ARDEN HEIGHTS,346 GREEN VALLEY ROAD,10,10/28/19
ARDEN HEIGHTS,10 RAILY COURT,430000,10/28/19
BULLS HEAD,220 ADA DRIVE,430000,10/28/19
BULLS HEAD,14 SUMMERFIELD PLACE,544764,10/28/19
DONGAN HILLS,266 ATLANTIC AVENUE,760000,10/28/19
DONGAN HILLS-COLONY,19 ALDERWOOD PLACE,800000,10/28/19
GREAT KILLS,21 SWEETWATER AVENUE,406000,10/28/19
GREAT KILLS,263 COLON AVENUE,550000,10/28/19
GREAT KILLS,19 SACCHERI COURT,608446,10/28/19
GREAT KILLS,156 BROOKFIELD AVENUE,450000,10/28/19
GRYMES HILL,"164 ARLO ROAD, B",190000,10/28/19
MANOR HEIGHTS,135 FINE BOULEVARD,560038,10/28/19
MARINERS HARBOR,68 LOCKMAN AVENUE,762548,10/28/19
MIDLAND BEACH,137 GRIMSBY STREET,100,10/28/19
NEW BRIGHTON,132 SCRIBNER AVENUE,570000,10/28/19
NEW DORP,22 CODDINGTON AVENUE,660000,10/28/19
NEW DORP-BEACH,228 FINLEY AVENUE,633000,10/28/19
NEW DORP-HEIGHTS,186 TYSENS LANE,100000,10/28/19
NEW SPRINGVILLE,82 MULBERRY AVENUE,1000,10/28/19
NEW SPRINGVILLE,26 ELMWOOD PARK DRIVE,222000,10/28/19
NEW SPRINGVILLE,"2 ELMWOOD PARK DRIVE, 612",278000,10/28/19
OAKWOOD-BEACH,411 STONEHAM STREET,540000,10/28/19
PORT IVORY,"229A POND WAY, 229A",210000,10/28/19
PORT RICHMOND,35 PALMER AVENUE,440000,10/28/19
ROSEBANK,157 HYLAN BOULEVARD,460000,10/28/19
SILVER LAKE,734 BARD AVENUE,593400,10/28/19
SOUTH BEACH,18 AUSTIN AVENUE,575000,10/28/19
SOUTH BEACH,290 LAMPORT BOULEVARD,580000,10/28/19
TODT HILL,38 HILLVIEW PLACE,1425000,10/28/19
TOMPKINSVILLE,"55 AUSTIN PLACE, 1R",252500,10/28/19
WEST NEW BRIGHTON,332 CLOVE ROAD,294500,10/28/19
WILLOWBROOK,238 CRAFTON AVENUE,882000,10/28/19
ANNADALE,379 SHIRLEY AVENUE,480000,10/29/19
ARDEN HEIGHTS,190 ILYSSA WAY,430000,10/29/19
ARDEN HEIGHTS,129 HAMPTON GREEN,470000,10/29/19
BULLS HEAD,149 ADA DRIVE,560000,10/29/19
BULLS HEAD,"31A MARC STREET, N/A",285910,10/29/19
CONCORD,405 VANDERBILT AVENUE,420000,10/29/19
DONGAN HILLS,255 NORTH RAILROAD AVENUE,900000,10/29/19
GREAT KILLS,62 SHAFTER AVENUE,550000,10/29/19
GREAT KILLS,37 EAST STROUD AVENUE,700000,10/29/19
MARINERS HARBOR,515 MELYN PLACE,599000,10/29/19
NEW BRIGHTON,200 CORSON AVENUE,629000,10/29/19
NEW BRIGHTON,200 G CORSON AVENUE,629000,10/29/19
NEW DORP,89 TITUS AVENUE,530000,10/29/19
NEW DORP,470 CLAWSON STREET,435000,10/29/19
NEW SPRINGVILLE,268 MONAHAN AVENUE,625000,10/29/19
NEW SPRINGVILLE,754 KLONDIKE AVENUE,771000,10/29/19
PORT RICHMOND,129 PALMER AVENUE,490000,10/29/19
ROSEBANK,27 TONE LANE,510000,10/29/19
ROSEBANK,12 BRIDGE COURT,550000,10/29/19
ROSEBANK,5 SMITH STREET,415000,10/29/19
TOMPKINSVILLE,208 ST PAULS AVENUE,450000,10/29/19
TRAVIS,28 CANNON AVENUE,415000,10/29/19
WESTERLEIGH,157 LATHROP AVENUE,460000,10/29/19
WESTERLEIGH,123 WOODBINE AVENUE,565470,10/29/19
WESTERLEIGH,295 GARRISON AVENUE,642500,10/29/19
WOODROW,84 CRABTREE AVENUE,685000,10/29/19
ARDEN HEIGHTS,99 GARY STREET,610000,10/30/19
CASTLETON CORNERS,186 EGBERT AVENUE,100,10/30/19
CLOVE LAKES,10 BEVERLY AVENUE,620000,10/30/19
CLOVE LAKES,"1100 CLOVE ROAD, 8C",270000,10/30/19
ELTINGVILLE,45 ADLAI CIRCLE,590000,10/30/19
ELTINGVILLE,8 FUTURITY PLACE,567500,10/30/19
ELTINGVILLE,61 LUDLOW STREET,520563,10/30/19
GRANT CITY,"145 LINCOLN AVENUE, 1K",270000,10/30/19
GREAT KILLS,161B AINSWORTH AVENUE,590000,10/30/19
GREAT KILLS,238 BROOKFIELD AVE,515000,10/30/19
GREAT KILLS,"3871 AMBOY ROAD, 2D",450000,10/30/19
GREAT KILLS-BAY TERRACE,9 AINSWORTH AVENUE,580000,10/30/19
MARINERS HARBOR,32 UNION COURT,130000,10/30/19
MARINERS HARBOR,55 CONTINENTAL PLACE,350000,10/30/19
MARINERS HARBOR,182 CONTINENTAL PLACE,330000,10/30/19
MARINERS HARBOR,51 POST LANE,435000,10/30/19
NEW BRIGHTON,24 CASTLETON AVENUE,440000,10/30/19
NEW BRIGHTON,"350 RICHMOND TERRACE, 5D",260000,10/30/19
NEW BRIGHTON,"50 FORT PLACE, A3C",275000,10/30/19
NEW DORP-BEACH,19 PELICAN CIRCLE,490000,10/30/19
PORT IVORY,162 ARLINGTON AVENUE,395000,10/30/19
PORT RICHMOND,562 VILLA AVENUE,360000,10/30/19
PORT RICHMOND,54 SIMONSON PLACE,470000,10/30/19
PORT RICHMOND,1042 POST AVENUE,560000,10/30/19
PRINCES BAY,112 EVERETT AVENUE,1085000,10/30/19
ROSEBANK,179 HOPE AVENUE,625000,10/30/19
ROSEBANK,N/A HOPE AVENUE,625000,10/30/19
ROSSVILLE,15 CYPRESS LOOP,460000,10/30/19
SOUTH BEACH,319 OLYMPIA BOULEVARD,627500,10/30/19
SOUTH BEACH,109 OLYMPIA BOULEVARD,675000,10/30/19
SUNNYSIDE,115 RUGBY AVENUE,595000,10/30/19
TOTTENVILLE,219 ASPINWALL STREET,800000,10/30/19
WESTERLEIGH,486 WATCHOGUE ROAD,747083,10/30/19
WILLOWBROOK,27 GWENN LOOP,560000,10/30/19
WILLOWBROOK,735 COLLFIELD AVENUE,10,10/30/19
ANNADALE,181 TALLMAN STREET,993980,10/31/19
ARDEN HEIGHTS,225 ASPEN KNOLLS WAY,263550,10/31/19
ARDEN HEIGHTS,293 JAMIE LANE,265000,10/31/19
ARDEN HEIGHTS,129 FOREST GREEN,565000,10/31/19
ARROCHAR,19 HASTINGS STREET,545000,10/31/19
BULLS HEAD,"510A LISK AVENUE, N/A",305000,10/31/19
CLOVE LAKES,215 WHITEWOOD AVENUE,553004,10/31/19
CONCORD-FOX HILLS,250 SKYLINE DRIVE,450000,10/31/19
CONCORD-FOX HILLS,261 SKYLINE DRIVE,435000,10/31/19
DONGAN HILLS,283 CROMWELL AVENUE,499990,10/31/19
DONGAN HILLS,18 EVERGREEN AVENUE,405600,10/31/19
DONGAN HILLS-COLONY,9 RIDGE AVENUE,715000,10/31/19
DONGAN HILLS-COLONY,1457 RICHMOND ROAD,1187500,10/31/19
ELTINGVILLE,42 DORVAL PLACE,309000,10/31/19
GRANT CITY,154 JEFFERSON STREET,480000,10/31/19
GRANT CITY,"100 COLFAX AVENUE, 2Z",230000,10/31/19
GRANT CITY,"145 LINCOLN AVENUE, 6A",270000,10/31/19
GREAT KILLS,7 WILLIAM AVENUE,507000,10/31/19
GREAT KILLS,"31E RUSSELL STREET, E",310000,10/31/19
HUGUENOT,72 COLON STREET,997885,10/31/19
MIDLAND BEACH,815 NUGENT AVENUE,438000,10/31/19
MIDLAND BEACH,N/A HYLAN BOULEVARD,195000,10/31/19
MIDLAND BEACH,N/A HYLAN BOULEVARD,195000,10/31/19
MIDLAND BEACH,N/A SEAVER AVENUE,195000,10/31/19
MIDLAND BEACH,N/A SEAVER AVENUE,195000,10/31/19
MIDLAND BEACH,N/A SEAVER AVENUE,195000,10/31/19
MIDLAND BEACH,N/A SEAVER AVENUE,195000,10/31/19
MIDLAND BEACH,N/A SEAVER AVENUE,195000,10/31/19
MIDLAND BEACH,N/A SEAVER AVENUE,195000,10/31/19
NEW DORP,66 STEELE AVENUE,687000,10/31/19
NEW DORP,193 CANNON BOULEVARD,588880,10/31/19
OAKWOOD-BEACH,433 AMHERST AVENUE,705000,10/31/19
ROSSVILLE,64 COVINGTON CIRCLE,743323,10/31/19
ROSSVILLE,329 MC BAINE AVENUE,685000,10/31/19
SOUTH BEACH,88 OCEANSIDE AVENUE,525000,10/31/19
TOTTENVILLE,245 LORETTO STREET,377000,10/31/19
TOTTENVILLE,7278 HYLAN BOULEVARD,830000,10/31/19
WEST NEW BRIGHTON,221 TAYLOR STREET,450000,10/31/19
WESTERLEIGH,560 COLLEGE AVENUE,650000,10/31/19
WILLOWBROOK,671 COLLFIELD AVENUE,800000,10/31/19
BULLS HEAD,58 HIRSCH LANE,495000,11/1/19
BULLS HEAD,80 CARNEGIE AVENUE,665000,11/1/19
CASTLETON CORNERS,261 KINGSLEY AVENUE,680000,11/1/19
CLOVE LAKES,865 BARD AVENUE,840000,11/1/19
CONCORD,49 HAMILTON STREET,77700,11/1/19
DONGAN HILLS-COLONY,66 DALEMERE ROAD,1045000,11/1/19
GREAT KILLS,"328B MILES AVENUE, 322",310000,11/1/19
GREAT KILLS,"259 KATAN AVENUE, 19B",369000,11/1/19
MARINERS HARBOR,82 ERASTINA PLACE,410000,11/1/19
MARINERS HARBOR,483 NETHERLAND AVENUE,534000,11/1/19
PLEASANT PLAINS,44 EVERETT PLACE,999000,11/1/19
PORT RICHMOND,141 BLACKFORD AVENUE,385000,11/1/19
TODT HILL,6 EASTENTRY ROAD,1515000,11/1/19
WEST NEW BRIGHTON,800 BRIGHTON AVENUE,590500,11/1/19
WILLOWBROOK,59 HALL AVENUE,656771,11/1/19
TOTTENVILLE,7 MASSACHUSETTS STREET,850000,11/2/19
TOTTENVILLE,N/A HYLAN BOULEVARD,850000,11/2/19
TOTTENVILLE,N/A HYLAN BOULEVARD,850000,11/2/19
TOTTENVILLE,N/A HYLAN BOULEVARD,850000,11/2/19
BULLS HEAD,441 HILLMAN AVENUE,618000,11/4/19
ELTINGVILLE,78 SERRELL AVENUE,400000,11/4/19
GRANT CITY,1591 RICHMOND ROAD,1900000,11/4/19
GREAT KILLS,104 AINSWORTH AVENUE,710000,11/4/19
GREAT KILLS,"149 CORTELYOU AVENUE, 2-3",311804,11/4/19
GRYMES HILL,23 THERESA PLACE,740000,11/4/19
MIDLAND BEACH,485 MIDLAND AVENUE,495000,11/4/19
NEW BRIGHTON-ST. GEORGE,"80 BAY STREET LANDING, 3G",920000,11/4/19
NEW SPRINGVILLE,27 MERRYMOUNT STREET,800000,11/4/19
PORT IVORY,36 SOUTH AVENUE,312000,11/4/19
PORT IVORY,168 ARLINGTON PLACE,309270,11/4/19
PORT RICHMOND,40 JOHN STREET,455000,11/4/19
PRINCES BAY,16 NAVIGATOR COURT,415000,11/4/19
TOMPKINSVILLE,192 ST PAULS AVENUE,515000,11/4/19
TOTTENVILLE,23 JOLINE LANE,999000,11/4/19
WILLOWBROOK,1107 WILLOWBROOK ROAD,650000,11/4/19
WOODROW,28 HERRICK AVENUE,825000,11/4/19
WOODROW,64 ROBIN COURT,675000,11/4/19
ARDEN HEIGHTS,270 GREEN VALLEY ROAD,575000,11/5/19
BULLS HEAD,116 ELSON STREET,540000,11/5/19
CASTLETON CORNERS,118 MOUNTAINVIEW AVENUE,665000,11/5/19
CLOVE LAKES,1035 VICTORY BOULEVARD,263000,11/5/19
GREAT KILLS,145 FIELDWAY AVENUE,465000,11/5/19
GREAT KILLS,322 WINCHESTER AVENUE,490000,11/5/19
GREAT KILLS,26 MICHAEL COURT,483900,11/5/19
GREAT KILLS,N/A WINCHESTER AVENUE,490000,11/5/19
GREAT KILLS,N/A BENNINGTON STREET,490000,11/5/19
NEW DORP-BEACH,80 HETT AVENUE,480000,11/5/19
NEW SPRINGVILLE,145 ROCKVILLE AVENUE,695000,11/5/19
NEW SPRINGVILLE,"66 LOVELL AVENUE, N/A",448000,11/5/19
NEW SPRINGVILLE,"1292 ROCKLAND AVENUE, 1D",259000,11/5/19
ROSSVILLE,31 BARROW PLACE,905000,11/5/19
SOUTH BEACH,19 TONY COURT,425000,11/5/19
SOUTH BEACH,60 HICKORY AVENUE,812500,11/5/19
WESTERLEIGH,449 STEWART AVENUE,370000,11/5/19
WILLOWBROOK,407 BUCHANAN AVENUE,705000,11/5/19
WOODROW,128 SHARROTTS ROAD,529000,11/5/19
ARDEN HEIGHTS,505 JEFFERSON BLVD,820000,11/6/19
BULLS HEAD,54 BENJAMIN DRIVE,260000,11/6/19
CONCORD,401A WESER AVENUE,310000,11/6/19
ELTINGVILLE,72 BOYLAN STREET,650000,11/6/19
ELTINGVILLE,59 MARNE AVENUE,728000,11/6/19
LIVINGSTON,126 BARD AVENUE,620001,11/6/19
MANOR HEIGHTS,61 SUFFOLK AVENUE,475000,11/6/19
MARINERS HARBOR,238 SIMONSON AVENUE,680000,11/6/19
MARINERS HARBOR,23 NUNZIE COURT,425000,11/6/19
MIDLAND BEACH,315 POULTNEY STREET,748414,11/6/19
MIDLAND BEACH,415 BEDFORD AVENUE,775000,11/6/19
NEW BRIGHTON,153 BRIGHTON AVENUE,154128,11/6/19
NEW DORP,18 ALLISON PLACE,20000,11/6/19
NEW DORP-HEIGHTS,39 BARBARA STREET,595000,11/6/19
NEW SPRINGVILLE,36 POI COURT,790000,11/6/19
OAKWOOD,42 WINDEMERE AVENUE,569000,11/6/19
PORT RICHMOND,143 BLACKFORD,135000,11/6/19
TOTTENVILLE,138 SPRAGUE AVENUE,900000,11/6/19
WEST NEW BRIGHTON,360 BROADWAY,1225000,11/6/19
WOODROW,1016 STAFFORD AVENUE,749999,11/6/19
WOODROW,800 BLOOMINGDALE ROAD,425000,11/6/19
ANNADALE,54 BUFFINGTON AVENUE,942006,11/7/19
ARDEN HEIGHTS,509 ILYSSA WAY,257000,11/7/19
ARDEN HEIGHTS,"15 TULIP CIRCLE, N/A",417500,11/7/19
BULLS HEAD,1235 RICHMOND AVENUE,970000,11/7/19
CASTLETON CORNERS,186 DRAKE AVENUE,1100000,11/7/19
CASTLETON CORNERS,144 KEIBER COURT,565000,11/7/19
CLOVE LAKES,82 EAST RALEIGH AVENUE,662500,11/7/19
CONCORD-FOX HILLS,21 LONG POND LANE,330000,11/7/19
CONCORD-FOX HILLS,93 CIRCLE LOOP,408000,11/7/19
DONGAN HILLS,145 BURGHER AVENUE,700000,11/7/19
ELTINGVILLE,416 WAINWRIGHT AVENUE,750000,11/7/19
GRASMERE,561 BRITTON AVENUE,485000,11/7/19
GREAT KILLS,145 GREAT KILLS ROAD,1181170,11/7/19
GREAT KILLS,37 OSBORN AVENUE,535000,11/7/19
GREAT KILLS,82 LITTLEFIELD AVENUE,450000,11/7/19
GREAT KILLS,266 BROOKFIELD AVENUE,520000,11/7/19
GREAT KILLS,"31H RUSSELL STREET, H",300000,11/7/19
MARINERS HARBOR,19 CHARLES PLACE,238798,11/7/19
MIDLAND BEACH,"629H LACONIA AVENUE, 629H",328000,11/7/19
NEW SPRINGVILLE,15 GREENWAY AVENUE,650000,11/7/19
SOUTH BEACH,40 AUSTIN AVENUE,860000,11/7/19
SOUTH BEACH,184 BIONIA AVENUE,511162,11/7/19
TOTTENVILLE,24 HAYWOOD STREET,1100000,11/7/19
TOTTENVILLE,"441 SURF AVENUE, 6",153936,11/7/19
WEST NEW BRIGHTON,231 TAYLOR STREET,660000,11/7/19
WESTERLEIGH,120 MULLER AVENUE,690000,11/7/19
ANNADALE,464 ARDEN AVENUE,799990,11/8/19
BULLS HEAD,543 WEST CASWELL AVENUE,484500,11/8/19
BULLS HEAD,113 FIELDSTONE ROAD,630000,11/8/19
GREAT KILLS,487 LEVERETT AVENUE,446160,11/8/19
HUGUENOT,1540 DRUMGOOLE ROAD WEST,920000,11/8/19
MARINERS HARBOR,N/A HARBOR ROAD,794235,11/8/19
MIDLAND BEACH,344 LINCOLN AVENUE,630000,11/8/19
MIDLAND BEACH,"516A MIDLAND AVENUE, *",390000,11/8/19
NEW DORP,454/470 NEW DORP LANE,12000000,11/8/19
NEW DORP,450 NEW DORP LANE,3000000,11/8/19
NEW SPRINGVILLE,458 KLONDIKE AVENUE,730000,11/8/19
OAKWOOD,119 MALONE AVENUE,582000,11/8/19
PORT IVORY,"121 POND WAY, 121",246219,11/8/19
RICHMONDTOWN,470 LIGHTHOUSE AVENUE,935000,11/8/19
SOUTH BEACH,50 LAMPORT BOULEVARD,558000,11/8/19
SOUTH BEACH,9 KENSINGTON AVENUE,625000,11/8/19
SOUTH BEACH,239 SAND LANE,825000,11/8/19
TOMPKINSVILLE,53 WILLIS AVENUE,481920,11/8/19
TOMPKINSVILLE,198 VICTORY BOULEVARD,617000,11/8/19
WEST NEW BRIGHTON,532 HENDERSON AVENUE,225000,11/8/19
WEST NEW BRIGHTON,925 FOREST AVENUE,525000,11/8/19
WEST NEW BRIGHTON,292 BARD AVENUE,1028199,11/8/19
WILLOWBROOK,831 WILLOWBROOK ROAD,115000,11/8/19
CASTLETON CORNERS,173 KEMBALL AVENUE,668000,11/9/19
WOODROW,11 APRICOT COURT,743323,11/9/19
ANNADALE,104 RYAN PLACE,895000,11/11/19
RICHMONDTOWN,21 SANTO COURT,10,11/11/19
SUNNYSIDE,134 DUDLEY AVENUE,85000,11/11/19
WESTERLEIGH,2431 VICTORY BOULEVARD,500000,11/11/19
ANNADALE,N/A EAGAN AVENUE,1221900,11/12/19
ARDEN HEIGHTS,24 DAFFODIL COURT,440000,11/12/19
BULLS HEAD,190 ROMAN AVENUE,583000,11/12/19
BULLS HEAD,48 FOREST STREET,630000,11/12/19
ELTINGVILLE,95 ANNADALE ROAD,479000,11/12/19
ELTINGVILLE,260 WOEHRLE AVENUE,360046,11/12/19
ELTINGVILLE,62 GRANTWOOD AVENUE,800000,11/12/19
GREAT KILLS,40 BROWN AVENUE,370000,11/12/19
GREAT KILLS,156 DRIGGS STREET,467500,11/12/19
NEW BRIGHTON-ST. GEORGE,"36 HAMILTON AVENUE,, 5R",270000,11/12/19
NEW DORP-BEACH,15 PELICAN CIRCLE,549000,11/12/19
NEW DORP-HEIGHTS,33 MOBILE AVENUE,382500,11/12/19
NEW SPRINGVILLE,"79 PIERPONT PLACE, N/A",350000,11/12/19
PLEASANT PLAINS,37 OUTERBRIDGE AVENUE,815000,11/12/19
PORT RICHMOND,105 HATFIELD PLACE,602000,11/12/19
ROSEBANK,30 CHESTNUT AVENUE,305000,11/12/19
ROSEBANK,18 VIENNA COURT,419990,11/12/19
ROSEBANK,"70 NARROWS ROAD SOUTH, 2",580000,11/12/19
SOUTH BEACH,31 XENIA STREET,765000,11/12/19
SUNNYSIDE,6 GLENWOOD AVENUE,515000,11/12/19
TOTTENVILLE,146 BENTLEY STREET,525000,11/12/19
TOTTENVILLE,282 MAIN STREET,970000,11/12/19
WILLOWBROOK,271 MARTIN AVENUE,915000,11/12/19
ARDEN HEIGHTS,26 REGENT CIRCLE,455000,11/13/19
CLOVE LAKES,"1100 CLOVE ROAD, 6J",116500,11/13/19
ELTINGVILLE,457 OAKDALE STREET,770000,11/13/19
GREAT KILLS,28 FAWN LANE,515000,11/13/19
GREAT KILLS,76 EAST MACON AVENUE,520000,11/13/19
GREAT KILLS,167 GETZ AVENUE,800000,11/13/19
GREAT KILLS-BAY TERRACE,31 CHESTERTON AVENUE,267500,11/13/19
MARINERS HARBOR,376 LAKE AVENUE,308700,11/13/19
MARINERS HARBOR,12 TRANTOR PLACE,100,11/13/19
MARINERS HARBOR,493 MORNING STAR ROAD,725000,11/13/19
MIDLAND BEACH,313 POULTNEY STREET,758596,11/13/19
MIDLAND BEACH,21 IROQUOIS STREET,33000,11/13/19
NEW BRIGHTON-ST. GEORGE,"80 BAY STREET LANDING, 1H",902600,11/13/19
NEW SPRINGVILLE,56 RIVINGTON AVENUE,720000,11/13/19
OAKWOOD,1742 SOUTH RAILROAD AVENUE,587000,11/13/19
PORT RICHMOND,47 TABB PLACE,100,11/13/19
ROSSVILLE,641A CORRELL AVE,410000,11/13/19
SOUTH BEACH,96 QUINTARD STREET,250000,11/13/19
TOTTENVILLE,7225 HYLAN BOULEVARD,677000,11/13/19
TOTTENVILLE,297 CHELSEA STREET,685000,11/13/19
WESTERLEIGH,63 RIEGELMANN STREET,730000,11/13/19
WILLOWBROOK,57 HALL AVENUE,672045,11/13/19
ARDEN HEIGHTS,39 DOVER GREEN,473776,11/14/19
BULLS HEAD,110 GAULDY AVENUE,375000,11/14/19
CLOVE LAKES,129 CHESHIRE PLACE,10,11/14/19
GREAT KILLS,52 GREAVES AVENUE,635000,11/14/19
GREAT KILLS,248 ARMSTRONG AVENUE,550000,11/14/19
GRYMES HILL,46 WETMORE ROAD,699000,11/14/19
MANOR HEIGHTS,381 BRADLEY AVENUE,680000,11/14/19
MARINERS HARBOR,52 ERASTINA PLACE,485000,11/14/19
NEW SPRINGVILLE,33 WESTPORT LANE,205000,11/14/19
OAKWOOD,16 LEEDS STREET,640300,11/14/19
OAKWOOD-BEACH,200 MALONE AVENUE,860000,11/14/19
PORT RICHMOND,23 BACHE STREET,530000,11/14/19
PORT RICHMOND,35 BEEKMAN STREET,450000,11/14/19
PRINCES BAY,236 HOLTEN AVENUE,820000,11/14/19
RICHMONDTOWN,50 JOEL PLACE,470000,11/14/19
ROSEBANK,24 BUTLER PLACE,390150,11/14/19
ROSEBANK,31 ROCKWELL AVENUE,750000,11/14/19
ROSSVILLE,57 WESTFIELD AVENUE,621388,11/14/19
ROSSVILLE-CHARLESTON,59 PEACOCK LOOP,421824,11/14/19
STAPLETON,219B TARGEE STREET,283920,11/14/19
STAPLETON-CLIFTON,140 VANDERBILT AVENUE,610000,11/14/19
TRAVIS,35 ROSWELL AVENUE,285000,11/14/19
TRAVIS,"271J SIGNS ROAD, N/A",320250,11/14/19
ARDEN HEIGHTS,66 BIANCA COURT,405000,11/15/19
BLOOMFIELD,526 GULF AVENUE,92725017,11/15/19
CLOVE LAKES,43 SANFORD PLACE,782000,11/15/19
CLOVE LAKES,N/A SANFORD PLACE,782000,11/15/19
ELTINGVILLE,62 DEBORAH LOOP,499000,11/15/19
GRANT CITY,132 DONGAN HILLS AVENUE,575000,11/15/19
GRANT CITY,242 MIDLAND AVENUE,585000,11/15/19
GREAT KILLS,88 LEVERETT AVENUE,500000,11/15/19
GREAT KILLS,181 NELSON AVENUE,615000,11/15/19
GREAT KILLS,203 THORNYCROFT AVENUE,460000,11/15/19
GREAT KILLS,416 BARTLETT AVENUE,500000,11/15/19
GREAT KILLS,530 ARMSTRONG AVENUE,840000,11/15/19
MANOR HEIGHTS,339 BRADLEY AVENUE,608914,11/15/19
MANOR HEIGHTS,967 MANOR ROAD,718000,11/15/19
MARINERS HARBOR,5 WINANT STREET,365000,11/15/19
NEW BRIGHTON,30 CASTLETON AVENUE,700000,11/15/19
NEW BRIGHTON,N/A CASTLETON AVENUE,700000,11/15/19
NEW BRIGHTON-ST. GEORGE,325 ST. MARKS PLACE,990000,11/15/19
NEW SPRINGVILLE,"19 LAMPED LOOP, A1",290000,11/15/19
NEW SPRINGVILLE,"2 ELMWOOD PARK DRIVE, 517",228000,11/15/19
NEW SPRINGVILLE,"40 WELLINGTON COURT, 1F",465000,11/15/19
PORT RICHMOND,76 CORTLANDT STREET,445000,11/15/19
PORT RICHMOND,25 NICHOLAS AVENUE,640000,11/15/19
PORT RICHMOND,N/A NICHOLAS AVENUE,640000,11/15/19
PRINCES BAY,26 PATRICIA COURT,860000,11/15/19
ROSEBANK,150 HYLAN BOULEVARD,587000,11/15/19
ROSSVILLE,39 HEMLOCK CT,515000,11/15/19
ROSSVILLE-CHARLESTON,63 PEACOCK LOOP,480000,11/15/19
SILVER LAKE,68 CROSSHILL STREET,575000,11/15/19
SOUTH BEACH,130 HICKORY AVENUE,125,11/15/19
SOUTH BEACH,455 RARITAN AVENUE,10,11/15/19
SOUTH BEACH,146 JACKSON AVENUE,530000,11/15/19
TODT HILL,47 WILLOW POND ROAD,972000,11/15/19
TOTTENVILLE,7052 HYLAN BOULEVARD,379500,11/15/19
TOTTENVILLE,301 CHELSEA STREET,705000,11/15/19
WEST NEW BRIGHTON,11 LLEWELLYN PL,558000,11/15/19
ANNADALE,4774 HYLAN BOULEVARD,733000,11/18/19
ARDEN HEIGHTS,152 EMILY LANE,352000,11/18/19
ARDEN HEIGHTS,"57 ROLLING HILL GREEN, N/A",460000,11/18/19
CASTLETON CORNERS,67 UTTER AVENUE,535000,11/18/19
CLOVE LAKES,684 OAKLAND AVENUE,700000,11/18/19
GREAT KILLS,77 RIDGECREST AVENUE,825000,11/18/19
GREAT KILLS,306 BARTLETT AVE,750000,11/18/19
GREAT KILLS,N/A RIDGECREST AVENUE,825000,11/18/19
HUGUENOT,825 LAMONT AVENUE,535000,11/18/19
MARINERS HARBOR,8 DOWNEY PLACE,369996,11/18/19
MARINERS HARBOR,262 PULASKI AVENUE,600000,11/18/19
NEW BRIGHTON,24 WINTER AVENUE,500000,11/18/19
NEW SPRINGVILLE,"58 STONE LANE, N/A",373000,11/18/19
PLEASANT PLAINS,10 CANTERBURY COURT,1380000,11/18/19
PLEASANT PLAINS,N/A AMBOY ROAD,3300000,11/18/19
PLEASANT PLAINS,N/A EUGENE SREET,3300000,11/18/19
PLEASANT PLAINS,N/A EUGENE SREET,3300000,11/18/19
PLEASANT PLAINS,N/A EUGENE SREET,3300000,11/18/19
PORT IVORY,146 HOLLAND AVENUE,331500,11/18/19
PORT IVORY,5 BENJAMIN PLACE,697501,11/18/19
PRINCES BAY,77 COMMODORE DRIVE,525000,11/18/19
RICHMONDTOWN,293 THOMAS STREET,10,11/18/19
RICHMONDTOWN-LIGHTHS HILL,20 KENT STREET,668000,11/18/19
SILVER LAKE,615 BARD AVENUE,495000,11/18/19
SOUTH BEACH,72 MC CLEAN AVENUE,900000,11/18/19
SOUTH BEACH,N/A LILY POND AVENUE,900000,11/18/19
WOODROW,27 ROBIN COURT,665000,11/18/19
ANNADALE,313 SHELDON AVENUE,1189802,11/19/19
ARDEN HEIGHTS,34 EBEY LANE,665000,11/19/19
GRANT CITY,19 MIDLAND AVENUE,480000,11/19/19
GREAT KILLS,243 ROBINSON AVENUE,475000,11/19/19
GREAT KILLS,110 ABINGDON AVENUE,479622,11/19/19
GREAT KILLS,29 TUDOR STREET,870000,11/19/19
GREAT KILLS,60 ROBINSON AVENUE,630000,11/19/19
GREAT KILLS,N/A ROBINSON AVENUE,355000,11/19/19
HUGUENOT,312 DARLINGTON AVENUE,950000,11/19/19
MIDLAND BEACH,307 MIDLAND AVE,560000,11/19/19
NEW BRIGHTON,63 YORK AVENUE,300000,11/19/19
NEW BRIGHTON,56 CLEVELAND STREET,398000,11/19/19
PRINCES BAY,5774 HYLAN BOULEVARD,920000,11/19/19
SILVER LAKE,659 BARD AVENUE,465000,11/19/19
TOTTENVILLE,7255 AMBOY ROAD,456300,11/19/19
WOODROW,1050A RATHBUN AVENUE,396900,11/19/19
ARDEN HEIGHTS,620 ILYSSA WAY,300000,11/20/19
ARDEN HEIGHTS,254 EMILY LANE,379000,11/20/19
ARDEN HEIGHTS,130 DOVER GREEN,450000,11/20/19
BULLS HEAD,465 VAN NAME AVENUE,525000,11/20/19
BULLS HEAD,30 AMSTERDAM AVENUE,775000,11/20/19
ELTINGVILLE,48 MOFFETT STREET,580000,11/20/19
GRASMERE,526 ODER AVENUE,687319,11/20/19
GRASMERE,524 ODER AVENUE,687319,11/20/19
GRASMERE,524 ODER AVENUE,661863,11/20/19
GREAT KILLS,18 ELK COURT,355000,11/20/19
GREAT KILLS,21 JUMEL STREET,640000,11/20/19
GREAT KILLS,348 COLON AVENUE,555000,11/20/19
MARINERS HARBOR,20 GIORDAN COURT,310000,11/20/19
MARINERS HARBOR,364 VAN NAME AVENUE,392822,11/20/19
MARINERS HARBOR,104 LOCKMAN AVENUE,378000,11/20/19
MIDLAND BEACH,298 POULTNEY STREET,520000,11/20/19
MIDLAND BEACH,70 FREEBORN STREET,700000,11/20/19
MIDLAND BEACH,671 OCEANSIDE AVENUE,71251,11/20/19
OAKWOOD-BEACH,353 ISABELLA AVE,560000,11/20/19
PORT IVORY,22 BAILEY PLACE,420000,11/20/19
PORT RICHMOND,149 HAGAMAN PLACE,350000,11/20/19
PORT RICHMOND,459 HEBERTON AVENUE,510000,11/20/19
PORT RICHMOND,57 ORANGE AVENUE,585494,11/20/19
PRINCES BAY,1574 DRUMGOOLE ROAD EAST,595000,11/20/19
TOTTENVILLE,26 MEAGAN LOOP,710000,11/20/19
TOTTENVILLE,N/A RICHMOND VALLEY ROAD,6196500,11/20/19
WEST NEW BRIGHTON,117 DELAFIELD AVENUE,805000,11/20/19
WEST NEW BRIGHTON,614 DELAFIELD AVENUE,665000,11/20/19
ANNADALE,181 ARBUTUS AVENUE,1810000,11/21/19
BULLS HEAD,52 LUDWIG LANE,472000,11/21/19
BULLS HEAD,50 CAROL PLACE,400000,11/21/19
BULLS HEAD,"12 ADA DRIVE, 52",348888,11/21/19
CASTLETON CORNERS,91 CROWELL AVENUE,620000,11/21/19
CONCORD,371 VANDERBILT AVENUE,408000,11/21/19
ELTINGVILLE,411 SYCAMORE STREET,695000,11/21/19
GREAT KILLS,25 ELKHART STREET,450000,11/21/19
GREAT KILLS-BAY TERRACE,3266 AMBOY ROAD,575000,11/21/19
LIVINGSTON,24 HOWARD COURT,400000,11/21/19
MIDLAND BEACH,750 SEAVIEW AVENUE,15000,11/21/19
NEW BRIGHTON,130 HIGHVIEW AVENUE,593000,11/21/19
NEW BRIGHTON,291 GLEN AVENUE,478000,11/21/19
NEW BRIGHTON,"350 RICHMOND TERRACE, 4V",244500,11/21/19
NEW DORP,127 10TH STREET,685000,11/21/19
NEW DORP-BEACH,N/A CEDAR GROVE AVENUE,170000,11/21/19
NEW DORP-HEIGHTS,2671 AMBOY ROAD,10,11/21/19
NEW DORP-HEIGHTS,2665 AMBOY ROAD,10,11/21/19
NEW SPRINGVILLE,142 BRAISTED AVENUE,590000,11/21/19
NEW SPRINGVILLE,9 ELWOOD AVENUE,908000,11/21/19
NEW SPRINGVILLE,"43A COUNTRY DRIVE EAST, 73",315000,11/21/19
PORT RICHMOND,227 TREADWELL AVENUE,493500,11/21/19
RICHMONDTOWN,64 ELEANOR STREET,425000,11/21/19
ROSEBANK,456 CLIFTON AVENUE,450000,11/21/19
SILVER LAKE,30 PARKVIEW PLACE,945000,11/21/19
SOUTH BEACH,74 VULCAN STREET,595000,11/21/19
SOUTH BEACH,270 NORWAY AVENUE,650000,11/21/19
TOTTENVILLE,457 BRIGHTON STREET,500,11/21/19
TRAVIS,112 ROSWELL AVENUE,535000,11/21/19
WEST NEW BRIGHTON,142 NORTH BURGHER AVENUE,243000,11/21/19
ANNADALE,242 EDGEGROVE AVENUE,535000,11/22/19
BULLS HEAD,"526A LISK AVENUE, N/A",262500,11/22/19
CASTLETON CORNERS,169 GOODWIN AVENUE,550000,11/22/19
CLOVE LAKES,7 PURCELL STREET,690000,11/22/19
CLOVE LAKES,1184 CLOVE ROAD,500000,11/22/19
DONGAN HILLS,95 BURGHER AVENUE,618000,11/22/19
DONGAN HILLS,51 PLATTSBURG STREET,780000,11/22/19
ELTINGVILLE,14 NOTUS AVENUE,560000,11/22/19
GRANT CITY,156 ADAMS AVENUE,386000,11/22/19
GRANT CITY,N/A ADAMS AVENUE,386000,11/22/19
GREAT KILLS,20 ELK COURT,475000,11/22/19
GREAT KILLS,138 CORONA AVENUE,361998,11/22/19
GREAT KILLS,30 SANDALWOOD DRIVE,440000,11/22/19
GREAT KILLS,268 HILLSIDE TERRACE,700000,11/22/19
HUGUENOT,234 RAMONA AVENUE,150000,11/22/19
LIVINGSTON,1 CURTIS COURT,285000,11/22/19
MIDLAND BEACH,455 JEFFERSON AVENUE,575000,11/22/19
PLEASANT PLAINS,48 PLEASANT PLAINS AVE,499000,11/22/19
PORT RICHMOND,145 NICHOLAS AVENUE,382800,11/22/19
ROSSVILLE-CHARLESTON,N/A VETERANS ROAD WEST,600000,11/22/19
SILVER LAKE,276 HART AVENUE,665000,11/22/19
WEST NEW BRIGHTON,325 STANLEY AVENUE,605000,11/22/19
WILLOWBROOK,1023 WESTWOOD AVENUE,629000,11/22/19
WILLOWBROOK,"414 HAWTHORNE AVENUE, N/A",410000,11/22/19
ARDEN HEIGHTS,206 CODY PLACE,470000,11/24/19
ARDEN HEIGHTS,59 CARLYLE GREEN,445000,11/25/19
BULLS HEAD,8 MADISON AVENUE,706000,11/25/19
CASTLETON CORNERS,194 KEMBALL AVENUE,550000,11/25/19
DONGAN HILLS,278 BURGHER AVENUE,550000,11/25/19
DONGAN HILLS-COLONY,157 OVERLOOK AVENUE,680000,11/25/19
GREAT KILLS,182 JUMEL STREET,578000,11/25/19
GRYMES HILL,53 WOODSIDE AVENUE,450000,11/25/19
HUGUENOT,480 RATHBUN AVENUE,660000,11/25/19
MARINERS HARBOR,86 ERASTINA PLACE,585000,11/25/19
MIDLAND BEACH,6 CHEROKEE STREET,15000,11/25/19
MIDLAND BEACH,10 CHEROKEE STREET,20000,11/25/19
NEW BRIGHTON,15 SCRIBNER AVENUE,693000,11/25/19
NEW BRIGHTON,104 SCRIBNER AVENUE,227000,11/25/19
NEW DORP-BEACH,29 MICHELLE LANE,462000,11/25/19
NEW DORP-HEIGHTS,34 BARBARA STREET,599000,11/25/19
OAKWOOD,744 CLAWSON STREET,800000,11/25/19
PORT RICHMOND,74 ST JOSEPHS AVENUE,267750,11/25/19
PORT RICHMOND,14 GROVE PLACE,610000,11/25/19
ROSEBANK,19 ROSEBANK PLACE,538000,11/25/19
ROSSVILLE,"637A CORRELL AVENUE, N/A",370000,11/25/19
STAPLETON,396 ST PAULS AVENUE,700000,11/25/19
TOTTENVILLE,76 JOLINE AVENUE,928500,11/25/19
TRAVIS,4324 VICTORY BOULEVARD,590000,11/25/19
WEST NEW BRIGHTON,419 PELTON AVENUE,10,11/25/19
WEST NEW BRIGHTON,"490 CLOVE ROAD, 3G",245000,11/25/19
WILLOWBROOK,11 BASS STREET,720000,11/25/19
ANNADALE,39 FURMAN STREET,550000,11/26/19
ANNADALE,132 BENNETT PLACE,1687000,11/26/19
ARDEN HEIGHTS,51 BIANCA COURT,370000,11/26/19
ARDEN HEIGHTS,23 HAMPTON GREEN,440000,11/26/19
ARDEN HEIGHTS,71 HOLCOMB AVENUE,989739,11/26/19
ARDEN HEIGHTS,70 CANTON AVENUE,990441,11/26/19
ARDEN HEIGHTS,"99 STACK DRIVE, N/A",329900,11/26/19
BULLS HEAD,41 CAROL PLACE,417000,11/26/19
BULLS HEAD,39 SIDEVIEW AVENUE,475000,11/26/19
BULLS HEAD,207 MERRILL AVENUE,835000,11/26/19
BULLS HEAD,2162 FOREST AVENUE,1050000,11/26/19
CLOVE LAKES,46 CLOVE LAKE PLACE,530000,11/26/19
CLOVE LAKES,946 CLOVE ROAD,488250,11/26/19
ELTINGVILLE,151 WOODS OF ARDEN ROAD,700000,11/26/19
ELTINGVILLE,3542 RICHMOND AVENUE,500000,11/26/19
GREAT KILLS,70 BLYTHE PLACE,637000,11/26/19
GREAT KILLS,450 ELTINGVILLE BLVD,1475000,11/26/19
GREAT KILLS,56 ROBINSON AVENUE,635000,11/26/19
GREAT KILLS-BAY TERRACE,487 DURANT AVENUE,715000,11/26/19
HUGUENOT,150 HAWLEY AVENUE,134107,11/26/19
MARINERS HARBOR,2520 RICHMOND TERRACE,371000,11/26/19
MARINERS HARBOR,260 GRANITE AVENUE,520000,11/26/19
MIDLAND BEACH,504 DONGAN HILLS AVENUE,538000,11/26/19
NEW BRIGHTON,33 TRUMBULL PLACE,445000,11/26/19
NEW DORP,86 MANILA AVENUE,885000,11/26/19
NEW SPRINGVILLE,261 MERRYMOUNT STREET,685000,11/26/19
NEW SPRINGVILLE,34 WESTPORT LANE,440000,11/26/19
NEW SPRINGVILLE,"54 PIERPONT PLACE, N/A",425000,11/26/19
PLEASANT PLAINS,36 SAVONA COURT,997885,11/26/19
PORT RICHMOND,158 HARRISON AVENUE,465000,11/26/19
ROSEBANK,443 HYLAN BOULEVARD,538000,11/26/19
ROSSVILLE,30 KUNATH AVENUE,775000,11/26/19
ROSSVILLE,"7 CYPRESS LOOP, N/A",365547,11/26/19
ROSSVILLE-CHARLESTON,38 TIDES LANE,680000,11/26/19
SOUTH BEACH,27 SEASIDE LANE,410000,11/26/19
SUNNYSIDE,330 LITTLE CLOVE ROAD,507000,11/26/19
TOTTENVILLE,178 BREHAUT AVENUE,469000,11/26/19
TOTTENVILLE,233 WOOD AVENUE,1150000,11/26/19
WESTERLEIGH,390 LIVERMORE AVENUE,699000,11/26/19
WOODROW,1010 STAFFORD AVENUE,763688,11/26/19
ARDEN HEIGHTS,241 GREEN VALLEY ROAD,579000,11/27/19
BULLS HEAD,40 EUNICE PLACE,505000,11/27/19
BULLS HEAD,"10 ADA DRIVE, 54",388777,11/27/19
CONCORD,361 BRITTON AVENUE,295000,11/27/19
CONCORD,160 RHINE AVENUE,620000,11/27/19
DONGAN HILLS,15 NEWBERRY AVENUE,490000,11/27/19
DONGAN HILLS,57 DELAWARE AVENUE,979000,11/27/19
GREAT KILLS,"27 KATAN AVENUE, B",369000,11/27/19
HUGUENOT,423 DARLINGTON AVENUE,790000,11/27/19
MARINERS HARBOR,142 BRUCKNER AVENUE,380000,11/27/19
MIDLAND BEACH,292 COLONY AVENUE,515000,11/27/19
NEW DORP-HEIGHTS,219 TYSENS LANE,558000,11/27/19
NEW SPRINGVILLE,66 STEPHEN LOOP,650000,11/27/19
OAKWOOD,659 CLAWSON STREET,850000,11/27/19
PORT RICHMOND,278B JEWETT AVENUE,460000,11/27/19
RICHMONDTOWN,175 ST GEORGE ROAD,525000,11/27/19
RICHMONDTOWN,184 THOMAS STREET,700000,11/27/19
ROSEBANK,353A HYLAN BOULEVARD,440000,11/27/19
ROSSVILLE-CHARLESTON,31 PEACOCK LOOP,536617,11/27/19
SOUTH BEACH,402 CROMWELL AVENUE,325494,11/27/19
STAPLETON,25 TAPPEN COURT,340000,11/27/19
WEST NEW BRIGHTON,342 TAYLOR STREET,560000,11/27/19
WILLOWBROOK,30 TALARICO COURT,670000,11/27/19
WOODROW,191 PEMBROOK LOOP,550000,11/27/19
GREAT KILLS,66 LITTLEFIELD AVENUE,789591,11/28/19
NEW DORP-HEIGHTS,48 THOMAS STREET,350000,11/29/19
PLEASANT PLAINS,16 SAVONA COURT,1114984,11/29/19
ANNADALE,878 ANNADALE ROAD,225000,11/30/19
ARDEN HEIGHTS,49 BIANCA COURT,350000,12/2/19
ARDEN HEIGHTS,4 ALCOTT STREET,390000,12/2/19
BULLS HEAD,38 LONGDALE STREET,332100,12/2/19
CONCORD,9A CORNELL PLACE,824782,12/2/19
GRANT CITY,"145 LINCOLN AVENUE, 4U",279000,12/2/19
GRASMERE,16 GILES PLACE,475000,12/2/19
GREAT KILLS,17 OVAS COURT,600000,12/2/19
GREAT KILLS-BAY TERRACE,58 AINSWORTH AVENUE,550000,12/2/19
MANOR HEIGHTS,55 BRIELLE AVENUE,345000,12/2/19
MARINERS HARBOR,254 LAKE AVENUE,100,12/2/19
MIDLAND BEACH,7 HEMPSTEAD AVENUE,545000,12/2/19
NEW DORP,206 WEED AVENUE,600000,12/2/19
OAKWOOD,24 PETER AVENUE,450500,12/2/19
TOTTENVILLE,25 OTTAVIO PROMENADE,2130000,12/2/19
WEST NEW BRIGHTON,233 TAYLOR STREET,321195,12/2/19
WESTERLEIGH,305 DEMOREST AVENUE,365000,12/2/19
WILLOWBROOK,91 WASHINGTON AVENUE,705000,12/2/19
ARDEN HEIGHTS,732 ILYSSA WAY,265000,12/3/19
ARDEN HEIGHTS,130 ERIKA LOOP,669000,12/3/19
BULLS HEAD,3 BIRCH ROAD,700000,12/3/19
CLOVE LAKES,717 OAKLAND AVENUE,650000,12/3/19
GRANT CITY,212 FREMONT AVENUE,535000,12/3/19
GREAT KILLS,410 ARTHUR KILL ROAD,379500,12/3/19
GREAT KILLS,55 GROTON STREET,804418,12/3/19
GREAT KILLS,12 CARDINAL LANE,680000,12/3/19
MANOR HEIGHTS,249 MOUNTAINVIEW AVENUE,557000,12/3/19
NEW BRIGHTON,"50 FORT PLACE, B5J",283000,12/3/19
NEW BRIGHTON,145 WESTERVELT AVENUE,825000,12/3/19
NEW BRIGHTON-ST. GEORGE,"90 BAY STREET LANDING, 5G",515000,12/3/19
NEW DORP,145 OTIS AVENUE,595000,12/3/19
NEW SPRINGVILLE,687 KLONDIKE AVENUE,860000,12/3/19
PORT RICHMOND,81 BOND STREET,250500,12/3/19
ROSEBANK,257 ST MARYS AVENUE,200000,12/3/19
ROSEBANK,125 GARFIELD AVENUE,661863,12/3/19
SOUTH BEACH,224 OLYMPIA BOULEVARD,340000,12/3/19
STAPLETON-CLIFTON,29 PARK HILL CIRCLE,437000,12/3/19
TOTTENVILLE,94 AMARON LANE,1060000,12/3/19
TRAVIS,35 SIMMONS LOOP,425000,12/3/19
WILLOWBROOK,55 WASHINGTON AVENUE,750000,12/3/19
WOODROW,23 LEMONDROP COURT,610849,12/3/19
WOODROW,197 LORRAINE LOOP,405000,12/3/19
WOODROW,140 SHARROTTS ROAD,555000,12/3/19
BULLS HEAD,27 LEIGH AVENUE,555500,12/4/19
BULLS HEAD,"12 PARKVIEW LOOP, N/A",440000,12/4/19
CASTLETON CORNERS,69 BRADLEY AVENUE,529000,12/4/19
ELTINGVILLE,630 WILSON AVENUE,520000,12/4/19
ELTINGVILLE,38 CROWN COURT,399500,12/4/19
GREAT KILLS,247 COLON AVENUE,500000,12/4/19
MARINERS HARBOR,63 ERASTINA PLACE,375000,12/4/19
MARINERS HARBOR,2510 RICHMOND TERRACE,728049,12/4/19
MIDLAND BEACH,781 NUGENT AVENUE,300000,12/4/19
NEW BRIGHTON,72 VAN BUREN STREET,143000,12/4/19
ROSSVILLE,70 MALLOW STREET,995000,12/4/19
SOUTH BEACH,171 OCEAN AVENUE,510000,12/4/19
SOUTH BEACH,124 JACKSON AVENUE,490000,12/4/19
SOUTH BEACH,134 HURLBERT STREET,888000,12/4/19
WEST NEW BRIGHTON,177 NORTH BURGHER AVE,175000,12/4/19
ANNADALE,N/A JEFFERSON BOULEVARD,1008072,12/5/19
GREAT KILLS,268 WILSON AVENUE,580000,12/5/19
GREAT KILLS-BAY TERRACE,35 JUSTIN AVENUE,430000,12/5/19
NEW SPRINGVILLE,"8 RACAL COURT, B1",243500,12/5/19
OAKWOOD-BEACH,370 CHESTERTON AVENUE,520000,12/5/19
PORT RICHMOND,17 WASHINGTON PLACE,515000,12/5/19
PORT RICHMOND,18 MAPLE AVENUE,125000,12/5/19
PORT RICHMOND,271 NICHOLAS AVENUE,115000,12/5/19
PRINCES BAY,1672 DRUMGOOLE ROAD EAST,300000,12/5/19
SOUTH BEACH,174 MACFARLAND AVENUE,530000,12/5/19
WEST NEW BRIGHTON,155 NORTH BURGHER AVE,403065,12/5/19
WESTERLEIGH,150 NORTH AVENUE,690000,12/5/19
WESTERLEIGH,41 GLORIA COURT,368000,12/5/19
ANNADALE,193 RENSSELAER AVENUE,630000,12/6/19
BULLS HEAD,30 HIRSCH LANE,470000,12/6/19
CONCORD-FOX HILLS,257 SKYLINE DRIVE,455000,12/6/19
DONGAN HILLS,111 ALTER AVENUE,572400,12/6/19
ELTINGVILLE,23 ADLAI CIRCLE,595000,12/6/19
ELTINGVILLE,67 LORING AVENUE,480000,12/6/19
EMERSON HILL,5 STATEN ISLAND BLVD,950000,12/6/19
HUGUENOT,786 SHELDON AVENUE,860000,12/6/19
MARINERS HARBOR,45 UNION AVENUE,680000,12/6/19
MIDLAND BEACH,923 OLYMPIA BOULEVARD,525000,12/6/19
NEW BRIGHTON,176 BENZIGER AVENUE,310000,12/6/19
NEW SPRINGVILLE,"30 GARDENIA LANE, 97",10,12/6/19
NEW SPRINGVILLE,"18 KATHY PLACE, 1B",314000,12/6/19
NEW SPRINGVILLE,"75 ESSEX DRIVE, 3D",400000,12/6/19
PLEASANT PLAINS,7 SAVONA COURT,1155714,12/6/19
PLEASANT PLAINS,129 CAMDEN AVE,1175000,12/6/19
PLEASANT PLAINS,N/A CAMDEN AVENUE,1175000,12/6/19
PRINCES BAY,85 OSWALD PLACE,550000,12/6/19
SOUTH BEACH,408 GARRETSON AVENUE,430000,12/6/19
SOUTH BEACH,122 WINFIELD STREET,540000,12/6/19
STAPLETON,22 SUSAN COURT,216000,12/6/19
TOTTENVILLE,270 BETHEL AVENUE,1350000,12/6/19
TOTTENVILLE,"129 SURFSIDE PLAZA, 30",120000,12/6/19
WEST NEW BRIGHTON,441 DELAFIELD AVENUE,425000,12/6/19
WEST NEW BRIGHTON,627 CARY AVENUE,22615,12/6/19
WESTERLEIGH,8 HAWTHORNE AVENUE,395000,12/6/19
WILLOWBROOK,"48A BRADLEY COURT, 53",345000,12/6/19
CLOVE LAKES,1135-1137 VICTORY BOULEVARD,700000,12/7/19
GREAT KILLS,286 RIDGEWOOD AVENUE,10,12/7/19
BULLS HEAD,20 GOLLER PLACE,585000,12/9/19
BULLS HEAD,"943 GOETHALS ROAD NORTH, 134",385000,12/9/19
DONGAN HILLS-COLONY,27 SPRING STREET,992794,12/9/19
GRANT CITY,"49 VERA STREET, D",180000,12/9/19
GRASMERE,35 MARIE STREET,820000,12/9/19
GREAT KILLS,17A FULLER COURT,325000,12/9/19
GREAT KILLS,14 PACIFIC AVENUE,660000,12/9/19
GREAT KILLS,464 ARTHUR KILL ROAD,921516,12/9/19
MARINERS HARBOR,33 RENFREW PLACE,294900,12/9/19
MARINERS HARBOR,2810 RICHMOND TERRACE,340000,12/9/19
MIDLAND BEACH,335 JEFFERSON AVENUE,910000,12/9/19
MIDLAND BEACH,483 MIDLAND AVENUE,495000,12/9/19
NEW DORP,333 TYSENS LANE,768000,12/9/19
NEW DORP-BEACH,35 MILTON AVENUE,665000,12/9/19
NEW SPRINGVILLE,27 PURDUE STREET,630000,12/9/19
NEW SPRINGVILLE,"460 WINDHAM LOOP, N/A",389000,12/9/19
PRINCES BAY,118 SANTA MONICA LANE,742000,12/9/19
ROSSVILLE,44 COVINGTON CIRCLE,880000,12/9/19
WESTERLEIGH,1436 FOREST AVENUE,207871,12/9/19
WILLOWBROOK,"1235 FOREST HILL ROAD, 1A",440000,12/9/19
WILLOWBROOK,"1235 FOREST HILL ROAD, P34",440000,12/9/19
WOODROW,385 MAGUIRE AVENUE,377000,12/9/19
BULLS HEAD,76 ELSON STREET,374676,12/10/19
BULLS HEAD,"91 SELVIN LOOP, N/A",338000,12/10/19
CASTLETON CORNERS,N/A NORTH GANNON AVENUE,500000,12/10/19
CASTLETON CORNERS,N/A ELVIN STREET,500000,12/10/19
ELTINGVILLE,58 STAFFORD AVENUE,750000,12/10/19
GREAT KILLS,4 OVIS PLACE,540000,12/10/19
GREAT KILLS,285 BARTLETT AVENUE,450000,12/10/19
GREAT KILLS-BAY TERRACE,27 KEATS STREET,590000,12/10/19
HUGUENOT,705 EDGEGROVE AVENUE,810000,12/10/19
MARINERS HARBOR,"341 UNION AVENUE, 30",393000,12/10/19
MIDLAND BEACH,391 BADEN PLACE,782000,12/10/19
NEW BRIGHTON,170 DANIEL LOW TERRACE,660000,12/10/19
NEW BRIGHTON,N/A VAN BUREN STREET,300000,12/10/19
NEW BRIGHTON,N/A VAN BUREN STREET,300000,12/10/19
PRINCES BAY,139 COMMODORE DRIVE,475000,12/10/19
ROSEBANK,332 MARYLAND AVENUE,630000,12/10/19
ROSSVILLE,242 ALVERSON AVENUE,895000,12/10/19
STAPLETON,45 TARGEE STREET,280000,12/10/19
TOMPKINSVILLE,55 WILLIS AVENUE,481650,12/10/19
TOTTENVILLE,156 YETMAN AVENUE,375000,12/10/19
TOTTENVILLE,142 SPRAGUE AVENUE,941881,12/10/19
TRAVIS,271D SIGNS ROAD,430000,12/10/19
WOODROW,64 BERKSHIRE LANE,762669,12/10/19
ANNADALE,N/A AMBOY ROAD,300000,12/11/19
ARDEN HEIGHTS,50 LEGATE AVENUE,1050000,12/11/19
ARROCHAR,40 HASTINGS STREET,1500000,12/11/19
CLOVE LAKES,156 WHITEWOOD AVENUE,500,12/11/19
ELTINGVILLE,546 CARLTON BOULEVARD,940000,12/11/19
GREAT KILLS,375 DOANE AVENUE,495000,12/11/19
GREAT KILLS,"27 KATAN AVENUE, A",319300,12/11/19
MANOR HEIGHTS,48 TILLMAN STREET,630000,12/11/19
MANOR HEIGHTS,263 GANSEVOORT BOULEVARD,720000,12/11/19
MARINERS HARBOR,62-64 HARBOR ROAD,794235,12/11/19
MIDLAND BEACH,344 SEAVER AVENUE,344760,12/11/19
MIDLAND BEACH,341 BEDFORD AVENUE,160000,12/11/19
NEW DORP,203 JACQUES AVENUE,640000,12/11/19
NEW SPRINGVILLE,186 BRAISTED AVENUE,555000,12/11/19
PORT RICHMOND,107 SIMONSON PLACE,475000,12/11/19
PORT RICHMOND,319 NICHOLAS AVENUE,740000,12/11/19
ROSEBANK,102 DONLEY AVENUE,692410,12/11/19
ROSEBANK,14 BRIDGE COURT,530000,12/11/19
ROSSVILLE,60 DAHLIA STREET,1125000,12/11/19
TOMPKINSVILLE,236 VICTORY BLVD,230000,12/11/19
TOTTENVILLE,12 SEA BREEZE LANE,310356,12/11/19
WEST NEW BRIGHTON,45 WEST STREET,640000,12/11/19
WESTERLEIGH,84 VOGEL LOOP,313849,12/11/19
ARDEN HEIGHTS,24 LEGATE AVENUE,440000,12/12/19
BULLS HEAD,22 CALCAGNO COURT,420300,12/12/19
BULLS HEAD,15 OLIVER PLACE,660000,12/12/19
CASTLETON CORNERS,24 GARDEN STREET,437750,12/12/19
ELTINGVILLE,105 RETFORD,575000,12/12/19
ELTINGVILLE,19 BRANDIS AVENUE,445000,12/12/19
GRANT CITY,233 BUEL AVENUE,592000,12/12/19
GREAT KILLS,15 ELK COURT,440000,12/12/19
GREAT KILLS-BAY TERRACE,85 SPRATT AVENUE,639998,12/12/19
MARINERS HARBOR,2512 RICHMOND TERRACE,501930,12/12/19
MARINERS HARBOR,55 SIMONSON AVENUE,500000,12/12/19
MARINERS HARBOR,27 ANDROS AVENUE,462500,12/12/19
MARINERS HARBOR,345 SOUTH AVENUE,400000,12/12/19
MIDLAND BEACH,268 GRIMSBY STREET,529389,12/12/19
NEW DORP,360 BEACH AVENUE,642000,12/12/19
NEW SPRINGVILLE,236 MONAHAN AVENUE,600000,12/12/19
NEW SPRINGVILLE,15 BORMAN AVENUE,662150,12/12/19
NEW SPRINGVILLE,192 LEWISTON STREET,850000,12/12/19
OAKWOOD,1746 SOUTH RAILROAD AVE,575000,12/12/19
PORT RICHMOND,196 LEXINGTON AVENUE,574034,12/12/19
PORT RICHMOND,37 NEWARK AVENUE,324000,12/12/19
PORT RICHMOND,35 MITCHEL LANE,642035,12/12/19
PORT RICHMOND,264 JEWETT AVENUE,550000,12/12/19
PRINCES BAY,103 EXCELSIOR AVENUE,915800,12/12/19
RICHMONDTOWN,361 ARDSLEY STREET,1200000,12/12/19
ROSEBANK,N/A HOPE AVENUE,375000,12/12/19
ROSSVILLE-RICHMOND VALLEY,N/A COLE STREET,225000,12/12/19
STAPLETON,80 BROAD STREET,410000,12/12/19
TOTTENVILLE,65 GIEGERICH AVENUE,616041,12/12/19
WEST NEW BRIGHTON,35 FLOYD STREET,570000,12/12/19
WESTERLEIGH,248 WILLOWBROOK ROAD,610000,12/12/19
WESTERLEIGH,138 VEDDER AVENUE,475000,12/12/19
ANNADALE,525 SYCAMORE STREET,775000,12/13/19
ARROCHAR-SHORE ACRES,107 ABBOTT STREET,585000,12/13/19
BULLS HEAD,189 JULES DRIVE,439000,12/13/19
ELTINGVILLE,N/A STAFFORD AVENUE,763688,12/13/19
GREAT KILLS,278 PACIFIC AVENUE,530000,12/13/19
GREAT KILLS,37 PEMBERTON AVENUE,450000,12/13/19
GREAT KILLS,"3871 AMBOY ROAD, 1B",367500,12/13/19
HUGUENOT,871 RENSSELAER AVENUE,575555,12/13/19
MANOR HEIGHTS,51 LIVINGSTON AVENUE,350000,12/13/19
NEW SPRINGVILLE,42 FREEDOM AVENUE,10,12/13/19
NEW SPRINGVILLE,119 KELLY BOULEVARD,660000,12/13/19
PORT IVORY,16 BETTY COURT,320000,12/13/19
ROSEBANK,754 TOMPKINS AVENUE,365000,12/13/19
ROSSVILLE,97 MALLOW STREET,76050,12/13/19
SOUTH BEACH,78 OLYMPIA BOULEVARD,610000,12/13/19
STAPLETON,36 THELMA COURT,100000,12/13/19
WEST NEW BRIGHTON,217 TAYLOR STREET,10,12/13/19
WESTERLEIGH,53 RUTH STREET,600000,12/13/19
WESTERLEIGH,65 COLLFIELD AVENUE,322000,12/13/19
ROSSVILLE,88 LUCILLE AVENUE,780000,12/15/19
ARDEN HEIGHTS,10 WINSTON STREET,542500,12/16/19
ARROCHAR-SHORE ACRES,"20 CLIFF STREET, 3N",370000,12/16/19
BULLS HEAD,27 SIDEVIEW AVENUE,505000,12/16/19
BULLS HEAD,N/A SIDEVIEW AVENUE,505000,12/16/19
CLOVE LAKES,537 BROADWAY,470000,12/16/19
CLOVE LAKES,260 HARVEST AVENUE,679000,12/16/19
CONCORD,59 PRINCE STREET,345000,12/16/19
CONCORD,536 TARGEE STREET,375000,12/16/19
DONGAN HILLS,269 ATLANTIC AVENUE,619500,12/16/19
ELTINGVILLE,27 ORCHARD LANE,509500,12/16/19
ELTINGVILLE,23 VINELAND AVENUE,564900,12/16/19
GRANT CITY,1051 NORTH RAILROAD AVE,475000,12/16/19
GREAT KILLS,159 TANGLEWOOD DRIVE,443625,12/16/19
GREAT KILLS,358 GREAT KILLS ROAD,802593,12/16/19
GREAT KILLS,116 SYCAMORE STREET,475000,12/16/19
GREAT KILLS,54 SEACREST AVENUE,552052,12/16/19
GREAT KILLS,301 ELTINGVILLE BLVD,525000,12/16/19
HUGUENOT,104 HAWLEY AVENUE,665000,12/16/19
LIVINGSTON,77 WALNUT STREET,550000,12/16/19
MARINERS HARBOR,N/A MAPLE PARKWAY,545000,12/16/19
MIDLAND BEACH,337 LIBERTY AVENUE,480000,12/16/19
NEW BRIGHTON,48 EADIE PLACE,519043,12/16/19
NEW BRIGHTON,35-37 CORSON AVENUE,920000,12/16/19
NEW DORP-HEIGHTS,113 SUMMIT AVENUE,499000,12/16/19
NEW SPRINGVILLE,189 MERRYMOUNT STREET,597000,12/16/19
OAKWOOD,8 PENN AVENUE,670000,12/16/19
OAKWOOD-BEACH,405 LYNN STREET,509000,12/16/19
OAKWOOD-BEACH,489 LYNN STREET,575000,12/16/19
PORT IVORY,"60 POND WAY, 60",370807,12/16/19
PRINCES BAY,81 MANEE AVENUE,6000,12/16/19
ROSEBANK,235 SAINT JOHNS AVENUE,745000,12/16/19
ROSSVILLE,72 REDWOOD LOOP,450000,12/16/19
SOUTH BEACH,72 VULCAN STREET,620000,12/16/19
SUNNYSIDE,"830 HOWARD AVENUE, 1E",211500,12/16/19
TRAVIS,111 BURKE AVENUE,646589,12/16/19
WILLOWBROOK,220 S. MANN AVENUE,632000,12/16/19
WILLOWBROOK,771 WOOLLEY AVENUE,510000,12/16/19
WILLOWBROOK,80 DAWSON STREET,590000,12/16/19
WILLOWBROOK,40 WASHINGTON AVE,573000,12/16/19
WOODROW,107 LORRAINE LOOP,445000,12/16/19
WOODROW,21 SONIA COURT,560000,12/16/19
WOODROW,105 BERKSHIRE LANE,150000,12/16/19
ARDEN HEIGHTS,227 HAMPTON GREEN,492000,12/17/19
ARDEN HEIGHTS,91 GREEN VALLEY ROAD,625000,12/17/19
ARDEN HEIGHTS,133 GREEN VALLEY ROAD,385000,12/17/19
BULLS HEAD,43 DOREEN DRIVE,400000,12/17/19
BULLS HEAD,33 ALBERT COURT,480000,12/17/19
BULLS HEAD,11 BERGLUND AVENUE,720000,12/17/19
BULLS HEAD,"404A LISK AVENUE, 179",245000,12/17/19
CLOVE LAKES,96 HARTFORD AVENUE,500000,12/17/19
GRANT CITY,232 HUNTER AVENUE,515000,12/17/19
GREAT KILLS,185 ESCANABA AVENUE,407500,12/17/19
MANOR HEIGHTS,59 CROAK AVENUE,610000,12/17/19
MANOR HEIGHTS,222 MOUNTAINVIEW AVENUE,673000,12/17/19
MARINERS HARBOR,24 WENLOCK STREET,550000,12/17/19
MIDLAND BEACH,36 ZWICKY AVENUE,659000,12/17/19
MIDLAND BEACH,591 HUNTER AVENUE,455000,12/17/19
NEW BRIGHTON,120 SCRIBNER AVENUE,302172,12/17/19
NEW SPRINGVILLE,33 SHALE STREET,650000,12/17/19
PORT RICHMOND,1680 CASTLETON AVENUE,658177,12/17/19
PORT RICHMOND,20 NICHOLAS AVENUE,539673,12/17/19
PRINCES BAY,5790 HYLAN BOULEVARD,849000,12/17/19
SILVER LAKE,561 BARD AVENUE,660000,12/17/19
TOTTENVILLE,182 WOOD AVENUE,500000,12/17/19
TOTTENVILLE,138 LEE AVENUE,845000,12/17/19
WESTERLEIGH,400 COLLFIELD AVENUE,590000,12/17/19
ANNADALE,314 SHELDON AVE,765000,12/18/19
ANNADALE,61 DELMAR AVENUE,895000,12/18/19
ARDEN HEIGHTS,37 REGINA LANE,10,12/18/19
ARDEN HEIGHTS,"385 ROLLING HILL GREEN, N/A",480000,12/18/19
BULLS HEAD,10A GREENTREE LANE,395000,12/18/19
BULLS HEAD,341 HILLMAN AVENUE,495000,12/18/19
DONGAN HILLS,16 RARITAN AVENUE,575000,12/18/19
ELTINGVILLE,137 STROUD AVENUE,600000,12/18/19
GREAT KILLS,111 MONTICELLO TERRACE,620000,12/18/19
GREAT KILLS,62 TIMBER RIDGE,395000,12/18/19
GREAT KILLS,"28 FENWAY CIRCLE, 2-3",285000,12/18/19
HUGUENOT,20 VEITH PLACE,389000,12/18/19
HUGUENOT,796 RENSSELAER AVENUE,644800,12/18/19
LIVINGSTON,475 HENDERSON AVENUE,575000,12/18/19
MARINERS HARBOR,286 UNION AVENUE,372500,12/18/19
MIDLAND BEACH,788 NUGENT AVENUE,465000,12/18/19
NEW DORP,260 CLAWSON ST,1,12/18/19
NEW DORP-BEACH,16 FINLEY AVENUE,1000,12/18/19
NEW DORP-HEIGHTS,3046 RICHMOND ROAD,815000,12/18/19
NEW SPRINGVILLE,207 ESSEX DRIVE,610000,12/18/19
SILVER LAKE,263 OAKWOOD AVENUE,615000,12/18/19
SOUTH BEACH,118 BIONIA AVENUE,580000,12/18/19
TOTTENVILLE,445 MANHATTAN STREET,650000,12/18/19
WILLOWBROOK,240 MARTIN AVENUE,725000,12/18/19
ARDEN HEIGHTS,184 FOREST GREEN,484000,12/19/19
ARROCHAR,326 FINGERBOARD ROAD,750000,12/19/19
CLOVE LAKES,12 JONES PLACE,720000,12/19/19
DONGAN HILLS,27 NEWBERRY AVENUE,535000,12/19/19
DONGAN HILLS-COLONY,10 OCEANVIEW LANE,1200000,12/19/19
ELTINGVILLE,4242 RICHMOND AVENUE,555000,12/19/19
GRANT CITY,212 JEFFERSON AVENUE,775000,12/19/19
GRANT CITY,"1930 RICHMOND ROAD, B",665000,12/19/19
GRASMERE,85 VENICE AVENUE,785000,12/19/19
GREAT KILLS,288 GETZ AVENUE,515000,12/19/19
GRYMES HILL,"755 NARROWS ROAD NORTH, 807",245000,12/19/19
LIVINGSTON,94 DELAFIELD PLACE,420000,12/19/19
MARINERS HARBOR,394 LAKE AVENUE,478325,12/19/19
NEW BRIGHTON,111 PROSPECT AVENUE,415000,12/19/19
PORT RICHMOND,170 JEWETT AVENUE,220000,12/19/19
PRINCES BAY,454 HOLTEN AVENUE,1335000,12/19/19
PRINCES BAY,178 ADMIRALTY LOOP,590000,12/19/19
PRINCES BAY,47 EL CAMINO LOOP,725000,12/19/19
ROSEBANK,159 CLIFTON AVENUE,514500,12/19/19
ROSEBANK,1190 BAY STREET,715000,12/19/19
ROSSVILLE,166 BALSAM PLACE,385000,12/19/19
SILVER LAKE,359 HART AVENUE,640000,12/19/19
SOUTH BEACH,104 HICKORY AVENUE,668000,12/19/19
TOTTENVILLE,551 ROCKAWAY STREET,650000,12/19/19
TRAVIS,52 MEREDITH AVENUE,500000,12/19/19
WEST NEW BRIGHTON,600 DELAFIELD AVENUE,515000,12/19/19
WEST NEW BRIGHTON,753 DELAFIELD AVENUE,515000,12/19/19
WESTERLEIGH,49 HOME PLACE,673572,12/19/19
ARDEN HEIGHTS,32 BARCLAY CIRCLE,450000,12/20/19
BULLS HEAD,41 HIRSCH LANE,468000,12/20/19
BULLS HEAD,16 OLIVER PLACE,749900,12/20/19
BULLS HEAD,408 LISK AVENUE,250000,12/20/19
CASTLETON CORNERS,26 RAYMOND AVENUE,630000,12/20/19
CLOVE LAKES,12 LLOYD COURT,765000,12/20/19
CONCORD-FOX HILLS,54 SKYLINE DRIVE,328000,12/20/19
ELTINGVILLE,52 FIGUREA AVENUE,680000,12/20/19
GRASMERE,440 ODER AVENUE,655000,12/20/19
GREAT KILLS,4055 HYLAN BOULEVARD,11920000,12/20/19
GRYMES HILL,1028 VAN DUZER STREET,400000,12/20/19
LIVINGSTON,87 TYSEN STREET,572500,12/20/19
MARINERS HARBOR,129 MARINERS LANE,345000,12/20/19
MARINERS HARBOR,104 MAPLE PARKWAY,555000,12/20/19
MARINERS HARBOR,9 NOAH COURT,437500,12/20/19
MARINERS HARBOR,"30 SPIRIT LANE, 33",435647,12/20/19
MARINERS HARBOR,2980 RICHMOND TERRACE,10,12/20/19
NEW BRIGHTON,62 FILLMORE STREET,395460,12/20/19
NEW DORP-BEACH,136 PELICAN CIRCLE,472000,12/20/19
NEW SPRINGVILLE,"2 ELMWOOD PARK DRIVE, 328",265000,12/20/19
PLEASANT PLAINS,112 WOODVALE AVENUE,935000,12/20/19
PLEASANT PLAINS,11 GILBERT PLACE,690000,12/20/19
PORT RICHMOND,254 CHARLES AVENUE,270000,12/20/19
ROSSVILLE-CHARLESTON,130 KREISCHER STREET,430000,12/20/19
SILVER LAKE,334 FOREST AVENUE,425000,12/20/19
STAPLETON,545 VAN DUZER STREET,470000,12/20/19
TOMPKINSVILLE,74 CLARK LANE,324480,12/20/19
TRAVIS,25 WATSON AVENUE,525000,12/20/19
WEST NEW BRIGHTON,"999 FOREST AVENUE, 4B",240000,12/20/19
WEST NEW BRIGHTON,110 HENDERSON AVENUE,15491250,12/20/19
WOODROW,600 RAMONA AVENUE,450000,12/20/19
ANNADALE,895 ANNADALE ROAD,375000,12/23/19
ANNADALE,250 CROWN AVENUE,700000,12/23/19
ARROCHAR,171 SAND LANE,595676,12/23/19
BULLS HEAD,3298 VICTORY BOULEVARD,500,12/23/19
CASTLETON CORNERS,147 KEIBER COURT,576000,12/23/19
DONGAN HILLS,42 WHITAKER PLACE,680000,12/23/19
DONGAN HILLS-COLONY,112 EMERSON COURT,750000,12/23/19
ELTINGVILLE,154 CROSSFIELD AVENUE,485000,12/23/19
ELTINGVILLE,805 ARDEN AVENUE,559000,12/23/19
GRASMERE,875 TARGEE STREET,406614,12/23/19
GREAT KILLS,171 KENNINGTON ST,600000,12/23/19
GREAT KILLS,122 DAVID STREET,430000,12/23/19
GREAT KILLS,190 ROBINSON AVENUE,499999,12/23/19
GREAT KILLS,136 RIDGECREST AVENUE,620000,12/23/19
GREAT KILLS,120 PEMBERTON AVENUE,773870,12/23/19
GREAT KILLS,"152 TIMBER RIDGE DRIVE, N/A",295000,12/23/19
GREAT KILLS,"3461 AMBOY ROAD, 4A",540000,12/23/19
GREAT KILLS-BAY TERRACE,6 CRANFORD STREET,600000,12/23/19
HUGUENOT,594 SHELDON AVENUE,665000,12/23/19
HUGUENOT,36 PRALL AVENUE,710000,12/23/19
HUGUENOT,N/A DEISIUS STREET,1089528,12/23/19
MARINERS HARBOR,47 MORNINGSTAR ROAD,243360,12/23/19
NEW BRIGHTON,104 ST MARKS PLACE,715000,12/23/19
NEW DORP,112 JACQUES AVENUE,1058979,12/23/19
NEW SPRINGVILLE,48 MULBERRY AVENUE,455000,12/23/19
NEW SPRINGVILLE,446 TRAVIS AVENUE,710000,12/23/19
OAKWOOD-BEACH,379 ADELAIDE AVENUE,591000,12/23/19
ROSEBANK,54 LYNHURST AVENUE,290000,12/23/19
ROSEBANK,281 ST JOHNS AVENUE,590000,12/23/19
ROSEBANK,48 NARROWS ROAD SOUTH,525000,12/23/19
SOUTH BEACH,87 ALEX CIRCLE,480000,12/23/19
TOMPKINSVILLE,202 ST PAULS AVENUE,610000,12/23/19
TOTTENVILLE,20 MASSACHUSETTS STREET,560000,12/23/19
TOTTENVILLE,189 MAIN STREET,370000,12/23/19
WEST NEW BRIGHTON,120 ALASKA STREET,424000,12/23/19
BULLS HEAD,26 KINGSBRIDGE AVENUE,660000,12/24/19
MARINERS HARBOR,43 LOCKMAN AVENUE,255000,12/24/19
NEW SPRINGVILLE,278 TRAVIS AVENUE,590000,12/24/19
PORT RICHMOND,72 HARRISON AVENUE,480000,12/24/19
ROSSVILLE,20 VENUS PLACE,805086,12/24/19
ANNADALE,5 EAGAN AVENUE,460000,12/26/19
ANNADALE,N/A ARDEN AVENUE,33000,12/26/19
ARROCHAR-SHORE ACRES,1371 BAY STREET,650000,12/26/19
BULLS HEAD,50 FOREST STREET,590000,12/26/19
DONGAN HILLS,26 ATLANTIC AVENUE,1078000,12/26/19
GRANT CITY,76 ZOE STREET,251000,12/26/19
GRASMERE,"55 ALAN LOOP, N/A",150101,12/26/19
MANOR HEIGHTS,192 PORTAGE AVENUE,580000,12/26/19
NEW BRIGHTON-ST. GEORGE,"90 BAY STREET LANDING, 9F",1825000,12/26/19
NEW DORP-BEACH,235 MILTON AVENUE,414726,12/26/19
NEW DORP-HEIGHTS,82 BELFAST AVENUE,525000,12/26/19
NEW SPRINGVILLE,27 ROCKVILLE AVENUE,660000,12/26/19
NEW SPRINGVILLE,"47A SATURN LANE, 47A",300000,12/26/19
NEW SPRINGVILLE,"75 ESSEX DRIVE, 1E",390000,12/26/19
PRINCES BAY,661 JOHNSTON TERRACE,700000,12/26/19
ROSEBANK,43 ST MARYS AVENUE,661863,12/26/19
ROSEBANK,151 HYLAN BOULEVARD,400400,12/26/19
ROSEBANK,140 HOPE AVENUE,868000,12/26/19
ROSSVILLE-CHARLESTON,138 KREISCHER STREET,475000,12/26/19
STAPLETON,18 CLINTON STREET,906243,12/26/19
WEST NEW BRIGHTON,346 DAVIS AVENUE,437500,12/26/19
ANNADALE,41 ARBUTUS WAY,1150000,12/27/19
ANNADALE,298 SHELDON AVENUE,900000,12/27/19
ARROCHAR,100 WADSWORTH AVENUE,500000,12/27/19
CLOVE LAKES,547 CLOVE ROAD,590000,12/27/19
CONCORD,56 LAUREL AVENUE,385000,12/27/19
ELTINGVILLE,44 MEMPHIS AVENUE,620000,12/27/19
ELTINGVILLE,94 BRANDIS AVENUE,795000,12/27/19
ELTINGVILLE,9 BERRY AVENUE,395000,12/27/19
GREAT KILLS,1 LEVERETT COURT,555000,12/27/19
GREAT KILLS,414 ROBINSON AVENUE,515000,12/27/19
MARINERS HARBOR,238A GRANITE AVENUE,350000,12/27/19
MARINERS HARBOR,285 LOCKMAN AVENUE,435919,12/27/19
MARINERS HARBOR,364 VAN PELT AVENUE,295756,12/27/19
MARINERS HARBOR,453 NETHERLAND AVENUE,416000,12/27/19
NEW DORP,65 JACQUES AVENUE,690000,12/27/19
PLEASANT PLAINS,N/A STEVENSON PLACE,400000,12/27/19
PORT RICHMOND,139 PORT RICHMOND AVENUE,525000,12/27/19
PRINCES BAY,330 SEGUINE AVENUE,755000,12/27/19
ROSEBANK,233 ANDERSON STREET,439900,12/27/19
ROSSVILLE,742 MAGUIRE AVENUE,757000,12/27/19
SILVER LAKE,44 CITY BOULEVARD,425880,12/27/19
SILVER LAKE,"215 HART BOULEVARD, 3K",282500,12/27/19
TOTTENVILLE,125 NANCY LANE,1075000,12/27/19
TOTTENVILLE,34 LION STREET,785000,12/27/19
WEST NEW BRIGHTON,110 HENDERSON AVENUE,40800000,12/27/19
WESTERLEIGH,427 INGRAM AVENUE,767000,12/27/19
ARDEN HEIGHTS,124 ERIKA LOOP,595000,12/30/19
BULLS HEAD,24 MONSEY PLACE,415000,12/30/19
CONCORD,14 HAMILTON STREET,280000,12/30/19
CONCORD-FOX HILLS,265 SKYLINE DRIVE,420000,12/30/19
DONGAN HILLS,280 ATLANTIC AVENUE,800000,12/30/19
ELTINGVILLE,228 SHOTWELL AVENUE,540000,12/30/19
GRANT CITY,266 SEAVIEW AVENUE,599999,12/30/19
GRANT CITY,137 DONGAN HILLS AVENUE,545000,12/30/19
GREAT KILLS,183 GREAT KILLS ROAD,625000,12/30/19
GREAT KILLS,351 BEACH ROAD,517000,12/30/19
GREAT KILLS,177 WIMAN AVENUE,10,12/30/19
GREAT KILLS,"3747 AMBOY ROAD, 6A",230000,12/30/19
HUGUENOT,859 RATHBUN AVENUE,1125000,12/30/19
MARINERS HARBOR,64 LOCKMAN AVENUE,728049,12/30/19
MIDLAND BEACH,5 NUGENT CT,438000,12/30/19
MIDLAND BEACH,"574 DONGAN HILLS AVENUE, 20A1",580000,12/30/19
MIDLAND BEACH,"5 GRIMSBY STREET, A",575000,12/30/19
MIDLAND BEACH,N/A SEAVER AVENUE,77000,12/30/19
NEW BRIGHTON-ST. GEORGE,"10 BAY STREET LANDING, 1A",510000,12/30/19
NEW DORP,114 JACQUES AVENUE,1058980,12/30/19
NEW SPRINGVILLE,"41 WELLINGTON COURT, 1D",290000,12/30/19
PORT IVORY,"101 POND WAY, 101",227000,12/30/19
PORT RICHMOND,7 ANN STREET,400000,12/30/19
PORT RICHMOND,165 NICHOLAS AVENUE,100,12/30/19
RICHMONDTOWN,131 ST ANDREWS ROAD,890000,12/30/19
STAPLETON,741 VAN DUZER STREET,301000,12/30/19
SUNNYSIDE,"850 HOWARD AVENUE, 1B",275619,12/30/19
TOMPKINSVILLE,37 DULANCEY COURT,437000,12/30/19
TOMPKINSVILLE,22 NATALIE COURT,620000,12/30/19
TOTTENVILLE,88 TYRRELL STREET,982611,12/30/19
WEST NEW BRIGHTON,179 MARKET STREET,390000,12/30/19
WEST NEW BRIGHTON,11 TRINITY PLACE,410000,12/30/19
WEST NEW BRIGHTON,596 DELAFIELD AVE,560000,12/30/19
WEST NEW BRIGHTON,292-294 BARD AVENUE,616000,12/30/19
WESTERLEIGH,211 CRYSTAL AVENUE,640000,12/30/19
WOODROW,854 BLOOMINGDALE ROAD,400000,12/30/19
ARDEN HEIGHTS,726 ILYSSA WAY,330000,12/31/19
CLOVE LAKES,1050 CLOVE ROAD,21714071,12/31/19
CONCORD,81 RHINE AVENUE,500000,12/31/19
DONGAN HILLS-COLONY,60 OLD FARMERS LANE,1100000,12/31/19
ELTINGVILLE,60 RENSSELAER AVENUE,705000,12/31/19
MANOR HEIGHTS,124 QUEEN STREET,691000,12/31/19
MARINERS HARBOR,61 UNION AVENUE,408000,12/31/19
MIDLAND BEACH,78 BOUNDARY AVENUE,550000,12/31/19
MIDLAND BEACH,1298 MASON AVENUE,515000,12/31/19
MIDLAND BEACH,262 GRIMSBY STREET,548000,12/31/19
NEW DORP-BEACH,219 MILTON AVENUE,350000,12/31/19
NEW SPRINGVILLE,"63A SATURN LANE, 63A",397500,12/31/19
PORT IVORY,14 FANCHER PLACE,219024,12/31/19
PORT IVORY,172 HOLLAND AVENUE,62000,12/31/19
ROSSVILLE-RICHMOND VALLEY,128 MEADE LOOP,965000,12/31/19
WILLOWBROOK,684 HARRIS AVENUE,800000,12/31/19